group,subject,SubjectID,Time_coverage_1,Time_coverage_2,Time_coverage_3,Time_coverage_4,Time_coverage_5,Time_coverage_6,Time_coverage_7,Time_coverage_8,Duration_1,Duration_2,Duration_3,Duration_4,Duration_5,Duration_6,Duration_7,Duration_8,Occurrence_1,Occurrence_2,Occurrence_3,Occurrence_4,Occurrence_5,Occurrence_6,Occurrence_7,Occurrence_8
2,1,12000058,11.0247153568453,11.5523465703971,12.7742293807276,13.7184115523466,11.8855873368509,10.774784782005,13.4962510413774,14.7736739794502,0.0309190031152648,0.0292134831460674,0.0294871794871794,0.0312658227848101,0.0285333333333333,0.0297546012269938,0.0305276381909547,0.0315914489311163,321,356,390,395,375,326,398,421
2,2,12000070,10.9414051652319,10.0805331852263,14.2460427658984,16.3565676201055,10.1083032490975,12.6353790613718,10.3860038878089,15.2457650652597,0.0292284866468842,0.0289012738853503,0.0302476415094339,0.030741127348643,0.0287066246056782,0.0304144385026738,0.0298722044728434,0.0308426966292134,337,314,424,479,317,374,313,445
2,3,12000104,11.2468758678145,11.718966953624,13.3851707858928,14.2182727020272,12.7464593168564,10.969175229103,11.4134962510414,14.3015828936407,0.0307750759878419,0.0303160919540229,0.0335654596100278,0.0319999999999999,0.0323239436619718,0.0315495207667731,0.033252427184466,0.0308752997601918,329,348,359,400,355,313,309,417
2,4,12000126,8.80311024715357,14.8014440433213,10.2193835045821,12.6076089975007,13.051930019439,9.63621216328798,12.468758678145,18.4115523465704,0.0301330798479087,0.0315011820330969,0.0283076923076923,0.0292525773195876,0.0309210526315789,0.0287251655629139,0.0323487031700288,0.03315,263,423,325,388,380,302,347,500
2,5,12000182,11.3579561232991,12.3576784226604,14.0794223826715,11.9966675923355,12.0799777839489,10.1638433768398,11.4134962510414,16.5509580672036,0.031953125,0.0308171745152354,0.0313737623762376,0.0296703296703296,0.0308948863636363,0.0297077922077922,0.0308558558558558,0.0313025210084033,320,361,404,364,352,308,333,476
2,6,12000216,10.774784782005,12.4965287420161,11.9966675923355,13.2185504026659,11.9966675923355,11.6078866981394,14.1071924465426,13.80172174396,0.0306962025316455,0.0317796610169491,0.0312138728323699,0.0325136612021857,0.0303370786516854,0.0290277777777777,0.0310513447432762,0.0330452127659574,316,354,346,366,356,360,409,376
2,7,12000238,9.46959178006109,11.4690363787837,14.3293529575118,13.1074701471813,11.3024159955568,12.7186892529853,13.5240211052485,14.0794223826715,0.0298076923076923,0.0301900584795321,0.0356353591160221,0.0301020408163265,0.0301035502958579,0.0313698630136986,0.0344900849858357,0.0309902200488997,286,342,362,392,338,365,353,409
2,8,12000294,11.6356567620106,11.1357956123299,11.4968064426548,14.9680644265482,12.3854484865315,11.0524854207165,15.4401555123577,11.8855873368509,0.030991124260355,0.0314263322884012,0.0330670926517571,0.0304864253393665,0.0315864022662889,0.0309968847352025,0.0386111111111111,0.0300561797752809,338,319,313,442,353,321,360,356
2,9,12000339,11.3024159955568,11.6078866981394,13.412940849764,13.7461816162177,13.6628714246043,12.5798389336295,9.4140516523188,14.2738128297695,0.0294927536231884,0.0311011904761904,0.0342067988668555,0.0314885496183206,0.0316195372750642,0.0305256064690026,0.0316231343283582,0.0329487179487179,345,336,353,393,389,371,268,390
2,10,12000362,11.7467370174951,10.1083032490975,14.6903637878367,11.0247153568453,12.3299083587892,11.6078866981394,13.9683421271869,14.4959733407387,0.0305635838150289,0.0297385620915032,0.0348026315789473,0.0309190031152648,0.0322674418604651,0.0314759036144578,0.0335333333333333,0.0316747572815534,346,306,380,321,344,332,375,412
2,11,12000373,12.4132185504027,10.0805331852263,16.2177173007498,12.5520688697584,10.6081643987781,10.1638433768398,13.2740905304082,14.6903637878367,0.032485465116279,0.0300496688741722,0.0344339622641509,0.0312154696132596,0.0317275747508305,0.029326923076923,0.0334733893557422,0.0332286432160804,344,302,424,362,301,312,357,398
2,12,12000384,10.1916134407109,12.9130797000833,11.6634268258817,13.607331296862,13.0797000833102,11.718966953624,14.3571230213829,12.468758678145,0.0292197452229299,0.0308355437665782,0.0318181818181818,0.0323218997361477,0.0308246073298429,0.0302292263610315,0.0316789215686274,0.0296174142480211,314,377,330,379,382,349,408,379
2,13,12000463,8.35878922521522,14.6903637878367,14.940294362677,12.5242988058873,14.1071924465426,11.4968064426548,9.46959178006109,14.4126631491252,0.028831417624521,0.0338235294117647,0.0376750700280112,0.031146408839779,0.0331592689295039,0.0292372881355932,0.0290955631399317,0.0303864168618266,261,391,357,362,383,354,293,427
2,14,12000485,12.7464593168564,12.7742293807276,11.913357400722,13.2185504026659,11.524576506526,11.524576506526,12.1355179116912,14.1349625104138,0.0294987146529562,0.0307486631016042,0.0307306590257879,0.030126582278481,0.0328322784810126,0.0301598837209302,0.0318513119533527,0.0311124694376528,389,374,349,395,316,344,343,409
2,15,12000519,10.6081643987781,14.2182727020272,11.0802554845876,13.7184115523466,11.8300472091086,10.6637045265204,13.8850319355735,13.996112191058,0.0290273556231003,0.0313725490196078,0.0306923076923077,0.0304187192118226,0.0304285714285714,0.0299065420560747,0.0319693094629156,0.0310344827586206,329,408,325,406,350,321,391,406
2,16,12000520,11.7745070813663,12.1077478478201,11.5801166342683,13.3296306581505,13.1907803387948,12.0799777839489,11.3579561232991,14.5792835323521,0.0302857142857142,0.0319648093841642,0.0298710601719197,0.0308483290488431,0.0293935643564356,0.0290775401069518,0.0298976608187134,0.0306658878504672,350,341,349,389,404,374,342,428
2,17,12000542,13.0241599555679,11.9688975284643,10.4693140794224,14.1071924465426,11.4968064426548,12.4965287420161,16.0510969175229,10.3860038878089,0.0332152974504249,0.0331538461538461,0.0279673590504451,0.031358024691358,0.0300872093023255,0.0304878048780487,0.0352439024390243,0.0309602649006622,353,325,337,405,344,369,410,302
2,18,12000575,9.13635101360733,10.6359344626493,9.08081088586504,15.884476534296,13.2185504026659,12.468758678145,13.9128019994446,15.6623160233269,0.0284602076124567,0.0291920731707317,0.0298357664233576,0.0302966101694915,0.030050505050505,0.0283459595959595,0.0332228116710875,0.0305194805194805,289,328,274,472,396,396,377,462
2,19,12000586,10.7192446542627,10.9969452929742,12.2465981671758,12.3854484865315,12.1077478478201,13.412940849764,13.5795612329908,14.551513468481,0.0310289389067524,0.0307453416149068,0.0313210227272727,0.0301351351351351,0.0328313253012048,0.0312823834196891,0.0349285714285714,0.0318734793187347,311,322,352,370,332,386,350,411
2,20,12000597,10.2749236323244,12.7742293807276,13.4684809775062,11.6634268258817,12.4409886142738,10.9969452929742,15.3290752568731,13.051930019439,0.0308333333333333,0.0331412103746397,0.0336805555555555,0.0294943820224719,0.0306010928961748,0.0287790697674418,0.0345,0.0302056555269922,300,347,360,356,366,344,400,389
2,21,12000610,11.7745070813663,10.9414051652319,11.718966953624,12.663149125243,12.8297695084699,12.6909191891141,13.6906414884754,13.6906414884754,0.0288043478260869,0.0301223241590214,0.0303160919540229,0.0296103896103896,0.0302356020942408,0.0294458762886597,0.030967336683417,0.0289319248826291,368,327,348,385,382,388,398,426
2,22,12000621,13.4684809775062,10.9969452929742,12.4132185504027,11.7467370174951,12.6909191891141,12.3576784226604,11.8300472091086,14.4959733407387,0.0320767195767195,0.0320388349514563,0.0340701219512195,0.0322408536585365,0.0330202312138728,0.0314265536723163,0.0313235294117647,0.0322222222222222,378,309,328,328,346,354,340,405
2,23,12000643,11.8855873368509,11.6911968897528,13.0797000833102,13.607331296862,12.6076089975007,11.524576506526,10.8858650374896,14.7181338517079,0.0293150684931506,0.0289944903581267,0.0308246073298429,0.0295893719806763,0.0307588075880758,0.0293079096045197,0.0294294294294294,0.029642058165548,365,363,382,414,369,354,333,447
2,24,12000676,8.9419605665093,11.8855873368509,12.3576784226604,13.3018605942794,13.8572618717023,11.9411274645932,11.8300472091086,15.884476534296,0.0288530465949821,0.0309248554913294,0.0298257372654155,0.0294226044226044,0.0315822784810126,0.0294520547945205,0.0298319327731092,0.0299790356394129,279,346,373,407,395,365,357,477
2,25,12000698,9.33074146070536,12.468758678145,12.7186892529853,13.6628714246043,11.8022771452374,14.5792835323521,12.3854484865315,13.051930019439,0.0292682926829268,0.0315308988764045,0.0313698630136986,0.0298543689320388,0.0294321329639889,0.0328125,0.0300539083557951,0.0298982188295165,287,356,365,412,361,400,371,393
2,26,12000700,10.1916134407109,12.9686198278256,11.9688975284643,12.9130797000833,10.9414051652319,11.9966675923355,15.0236045542905,13.996112191058,0.0308922558922559,0.0325208913649025,0.0303521126760563,0.0298843187660668,0.0297583081570997,0.0306818181818181,0.0325120192307692,0.0303614457831325,297,359,355,389,331,352,416,415
2,27,12000722,12.5798389336295,12.1355179116912,14.1349625104138,11.7467370174951,11.7745070813663,13.5517911691197,13.0797000833102,10.9969452929742,0.0323571428571428,0.0318513119533527,0.034299191374663,0.0302142857142857,0.0298591549295774,0.0312020460358056,0.0351492537313432,0.0311320754716981,350,343,371,350,355,391,335,318
2,28,12000733,12.1910580394335,11.5523465703971,11.4968064426548,14.2738128297695,11.6356567620106,12.6909191891141,11.0247153568453,15.1346848097751,0.0305710306406685,0.0322981366459627,0.0312688821752265,0.0323677581863979,0.0306286549707602,0.0303856382978723,0.031608280254777,0.0307562076749435,359,322,331,397,342,376,314,443
2,29,12000766,9.830602610386,11.2746459316856,13.5240211052485,12.1632879755623,13.2463204665371,12.7742293807276,13.5240211052485,13.6628714246043,0.0303082191780822,0.0297653958944281,0.0312982005141388,0.0299180327868852,0.033217270194986,0.03125,0.0329054054054054,0.03075,292,341,389,366,359,368,370,400
2,30,12000788,11.1913357400722,10.1638433768398,10.5248542071647,15.1624548736462,13.0797000833102,11.4968064426548,16.8564287697862,11.524576506526,0.0304380664652568,0.0316608996539792,0.0308631921824104,0.0316705336426914,0.0327083333333333,0.0301749271137026,0.0351273148148148,0.0293079096045197,331,289,307,431,360,343,432,354
2,31,12000867,9.66398222715912,12.3299083587892,14.3293529575118,13.8294918078312,12.2188281033046,11.8300472091086,10.9969452929742,14.8014440433213,0.0293918918918919,0.0313559322033898,0.0324937027707808,0.029225352112676,0.0314285714285714,0.0293388429752066,0.0300911854103343,0.0306321839080459,296,354,397,426,350,363,329,435
2,32,12000889,12.663149125243,11.3579561232991,11.8578172729797,9.80283254651486,13.7184115523466,14.5792835323521,11.5523465703971,14.4682032768675,0.0324786324786324,0.0338576158940397,0.0329475308641975,0.030222602739726,0.0361111111111111,0.0357629427792915,0.0362369337979094,0.0330583756345177,351,302,324,292,342,367,287,394
2,33,12001004,11.2468758678145,11.8300472091086,9.71952235490142,13.8572618717023,12.0522077200778,12.663149125243,14.6070535962233,14.0238822549292,0.0301339285714285,0.0307803468208092,0.0293624161073825,0.0295616113744075,0.0301388888888888,0.0303191489361702,0.032875,0.0299170616113744,336,346,298,422,360,376,400,422
2,34,12001015,12.2743682310469,11.3024159955568,12.7464593168564,13.3574007220217,11.0247153568453,11.913357400722,14.0516523188003,13.3296306581505,0.0322157434402332,0.0305555555555555,0.037135922330097,0.0319813829787234,0.0296268656716417,0.0314516129032258,0.0376488095238095,0.0310077519379844,343,333,309,376,335,341,336,387
2,35,12001037,10.2193835045821,13.412940849764,10.4693140794224,14.0516523188003,12.2188281033046,12.2465981671758,12.0522077200778,15.3290752568731,0.0292063492063492,0.0320291777188329,0.0327256944444444,0.0304819277108433,0.032069970845481,0.0314102564102564,0.0323880597014925,0.0318706697459584,315,377,288,415,343,351,335,433
2,36,12001048,11.2746459316856,13.996112191058,11.1357956123299,13.1074701471813,11.6634268258817,12.8853096362122,11.8578172729797,14.0794223826715,0.0304804804804804,0.0322250639386189,0.0305640243902439,0.0312997347480106,0.0304347826086956,0.0310160427807486,0.0304131054131054,0.0322519083969465,333,391,328,377,345,374,351,393
2,37,12001060,11.6634268258817,12.2188281033046,10.2471535684532,15.9122465981672,10.5526242710358,11.4412663149125,13.3574007220217,14.6070535962233,0.03,0.03125,0.0287383177570093,0.0319042316258351,0.0276967930029154,0.0294285714285714,0.0303661616161616,0.0308685446009389,350,352,321,449,343,350,396,426
2,38,12001082,13.3296306581505,12.1077478478201,11.4968064426548,11.2746459316856,12.9963898916968,12.1077478478201,13.1907803387948,13.4962510413774,0.031331592689295,0.0313218390804597,0.0308955223880597,0.0291666666666666,0.0297709923664122,0.0299450549450549,0.0306056701030927,0.0310741687979539,383,348,335,348,393,364,388,391
2,39,12001105,12.4132185504027,13.996112191058,12.6076089975007,12.2465981671758,13.1630102749236,13.2740905304082,14.2738128297695,8.02554845876145,0.029563492063492,0.0316582914572864,0.0311813186813186,0.0302054794520548,0.0300761421319796,0.0315303430079155,0.0320448877805486,0.029133064516129,378,398,364,365,394,379,401,248
2,40,12001116,10.6914745903916,12.8853096362122,17.1063593446265,12.4132185504027,11.1635656762011,9.30297139683421,13.412940849764,13.0241599555679,0.0289039039039039,0.0295165394402035,0.0326271186440677,0.0294078947368421,0.0279944289693593,0.0275493421052631,0.0302631578947368,0.0287377450980392,333,393,472,380,359,304,399,408
2,41,12001149,12.1077478478201,8.21993890585948,10.0805331852263,15.3013051930019,13.4407109136351,11.718966953624,15.0513746181616,14.0794223826715,0.0324404761904762,0.0300813008130081,0.0287183544303797,0.0318129330254041,0.0308673469387755,0.0292243767313019,0.031221198156682,0.0312192118226601,336,246,316,433,392,361,434,406
2,42,12001161,11.9966675923355,13.3851707858928,12.5798389336295,12.2465981671758,11.9688975284643,13.2463204665371,10.8303249097473,13.7461816162177,0.0302521008403361,0.031544502617801,0.0311126373626373,0.0297169811320754,0.0293596730245231,0.0317154255319149,0.0303738317757009,0.0296762589928057,357,382,364,371,367,376,321,417
2,43,12001183,11.1080255484588,13.1907803387948,11.6078866981394,13.1630102749236,11.3579561232991,12.2188281033046,13.4962510413774,13.8572618717023,0.0294117647058823,0.0338319088319088,0.0321538461538461,0.0307792207792207,0.0300735294117647,0.03125,0.0335635359116022,0.0321520618556701,340,351,325,385,340,352,362,388
2,44,12001194,12.4409886142738,12.2188281033046,14.4126631491252,12.3854484865315,11.718966953624,11.5523465703971,10.4970841432935,14.7736739794502,0.0291666666666666,0.0310734463276836,0.0339659685863874,0.0297333333333333,0.0291436464088397,0.0298850574712643,0.029076923076923,0.0312206572769953,384,354,382,375,362,348,325,426
2,45,12001251,11.4412663149125,12.1632879755623,12.5242988058873,12.8019994445987,13.3296306581505,12.1077478478201,14.0238822549292,11.6078866981394,0.0297687861271676,0.0318313953488372,0.0330645161290322,0.0304089709762532,0.0306905370843989,0.0298630136986301,0.0318813131313131,0.0293539325842696,346,344,341,379,391,365,396,356
2,46,12001284,9.63621216328798,12.9130797000833,13.2463204665371,12.7186892529853,13.5517911691197,10.0527631213552,13.2185504026659,14.6625937239656,0.0298109965635739,0.0301948051948051,0.0328512396694214,0.0289141414141414,0.0308080808080808,0.0299668874172185,0.0305128205128205,0.0314285714285714,291,385,363,396,396,302,390,420
2,47,12001431,12.3576784226604,11.8022771452374,11.1357956123299,13.7184115523466,12.8297695084699,13.7461816162177,15.5512357678423,8.85865037489586,0.0299865229110512,0.0322948328267477,0.0293988269794721,0.0307213930348258,0.0307180851063829,0.0305555555555555,0.0334128878281622,0.0270338983050847,371,329,341,402,376,405,419,295
2,48,12001543,10.5526242710358,11.6356567620106,9.77506248264371,15.2179950013885,10.2193835045821,16.9952790891419,12.7186892529853,12.8853096362122,0.0307443365695793,0.0292597765363128,0.0282051282051282,0.0316397228637413,0.028395061728395,0.0340757238307349,0.0296632124352331,0.0303664921465968,309,358,312,433,324,449,386,382
2,49,12001554,13.412940849764,11.3579561232991,10.8303249097473,16.1899472368786,9.60844209941683,12.0522077200778,14.3015828936407,12.2465981671758,0.0332644628099173,0.0326677316293929,0.0328282828282828,0.0326793721973094,0.0296232876712328,0.0307365439093484,0.0342420212765957,0.0307103064066852,363,313,297,446,292,353,376,359
2,50,12001576,10.4415440155512,11.1357956123299,15.4956956401,12.468758678145,12.7742293807276,12.2465981671758,8.55317967231325,16.8841988336573,0.029936305732484,0.0301957831325301,0.03435960591133,0.0303378378378378,0.028894472361809,0.0294,0.0282051282051282,0.0322033898305084,314,332,406,370,398,375,273,472
2,51,12001598,12.6909191891141,8.88642043876701,12.0799777839489,13.9405720633157,12.4409886142738,12.0244376562066,14.0794223826715,13.8294918078312,0.0308783783783783,0.0300751879699248,0.0335648148148148,0.0328534031413612,0.0303523035230352,0.0297390109890109,0.0354050279329609,0.0308933002481389,370,266,324,382,369,364,358,403
2,52,12001644,13.607331296862,10.9969452929742,10.9136351013607,14.4126631491252,12.1632879755623,11.8578172729797,14.0794223826715,11.9688975284643,0.0321522309711286,0.0347368421052631,0.0367977528089887,0.0349730458221024,0.0303324099722991,0.0309420289855072,0.0415573770491803,0.0321641791044776,381,285,267,371,361,345,305,335
2,53,12001655,11.0802554845876,10.4415440155512,16.439877811719,13.051930019439,13.1074701471813,12.0522077200778,9.66398222715912,14.1627325742849,0.0302272727272727,0.0291021671826625,0.0381443298969072,0.0306788511749347,0.0303341902313624,0.0301388888888888,0.0307420494699646,0.0293778801843317,330,323,388,383,389,360,283,434
2,54,12001666,10.3026936961955,10.774784782005,11.2191058039433,15.7178561510691,12.4965287420161,12.8853096362122,10.2471535684532,16.3010274923632,0.0277694610778443,0.0282798833819242,0.0290229885057471,0.0311674008810572,0.029840848806366,0.0297435897435897,0.0293789808917197,0.0307651991614255,334,343,348,454,377,390,314,477
2,55,12001677,11.8300472091086,10.9414051652319,16.1066370452652,12.2743682310469,11.718966953624,11.4690363787837,13.4407109136351,12.2188281033046,0.0287061994609164,0.0294029850746268,0.030590717299578,0.0291556728232189,0.0297183098591549,0.0298410404624277,0.0304785894206549,0.0289473684210526,371,335,474,379,355,346,397,380
2,56,12001699,10.0805331852263,11.3579561232991,13.9683421271869,11.5801166342683,13.4962510413774,11.8022771452374,13.996112191058,13.7184115523466,0.0287183544303797,0.0290482954545454,0.0328328981723237,0.028328804347826,0.0313144329896907,0.0300141242937853,0.0296470588235294,0.0294047619047619,316,352,383,368,388,354,425,420
2,57,12001701,10.8580949736184,13.0797000833102,15.9955567897806,11.0247153568453,11.8578172729797,11.6078866981394,12.857539572341,12.6909191891141,0.0298018292682926,0.0343294460641399,0.0392370572207084,0.0298048048048048,0.0302407932011331,0.0308259587020648,0.033845029239766,0.0316481994459833,328,343,367,333,353,339,342,361
2,58,12001734,11.0247153568453,10.4137739516801,13.412940849764,14.0794223826715,13.7739516800889,13.1907803387948,9.49736184393224,14.6070535962233,0.0286849710982659,0.0282379518072289,0.0322860962566844,0.0300355450236966,0.0318766066838046,0.0293209876543209,0.0296875,0.0305104408352668,346,332,374,422,389,405,288,431
2,59,12001880,11.9411274645932,12.3854484865315,10.6914745903916,14.8569841710636,12.8297695084699,13.2185504026659,9.30297139683421,14.7736739794502,0.0292119565217391,0.0308864265927977,0.0308493589743589,0.0311771561771561,0.029539641943734,0.0293827160493827,0.0289792387543252,0.0314420803782505,368,361,312,429,391,405,289,423
2,60,12002072,13.4962510413774,10.5526242710358,12.4409886142738,13.9405720633157,12.3299083587892,12.1077478478201,12.4965287420161,12.6353790613718,0.0325737265415549,0.0293209876543209,0.030188679245283,0.0302409638554216,0.0302452316076294,0.0293010752688172,0.03,0.0300925925925925,373,324,371,415,367,372,375,378
2,61,12002083,11.4968064426548,14.6348236600944,12.663149125243,11.8578172729797,13.8850319355735,12.6353790613718,10.8580949736184,11.9688975284643,0.0300872093023255,0.0331863979848866,0.0322946175637393,0.0295706371191135,0.0322997416020671,0.0313360881542699,0.0320491803278688,0.02920054200542,344,397,353,361,387,363,305,369
2,62,12003400,11.4412663149125,13.3574007220217,12.4132185504027,12.7742293807276,12.8853096362122,11.6634268258817,10.1638433768398,15.3013051930019,0.0311178247734139,0.0305979643765903,0.0308701657458563,0.0294117647058823,0.0304461942257217,0.03,0.029516129032258,0.0315940366972476,331,393,362,391,381,350,310,436
2,63,12015087,12.3854484865315,13.9128019994446,11.7467370174951,12.2743682310469,13.2463204665371,12.2465981671758,10.1638433768398,14.0238822549292,0.0302989130434782,0.0306234718826405,0.0300426136363636,0.0282608695652173,0.0320564516129032,0.0296370967741935,0.0301980198019802,0.0309436274509803,368,409,352,391,372,372,303,408
2,64,12017179,10.6637045265204,13.7739516800889,13.1907803387948,11.8022771452374,11.9966675923355,12.8853096362122,12.0244376562066,13.6628714246043,0.0293577981651376,0.0317135549872122,0.0317513368983957,0.0291095890410958,0.0313953488372093,0.0308510638297872,0.0314680232558139,0.0293556085918854,327,391,374,365,344,376,344,419
2,65,12017315,12.7186892529853,12.5242988058873,11.8578172729797,11.3024159955568,13.3018605942794,11.9966675923355,11.4968064426548,14.8014440433213,0.0325284090909091,0.034480122324159,0.0355833333333333,0.0313076923076923,0.0321908602150537,0.030945558739255,0.0339344262295082,0.0333959899749373,352,327,300,325,372,349,305,399
2,66,12017416,12.6909191891141,13.9405720633157,11.0247153568453,10.6081643987781,12.9408497639545,14.0794223826715,10.2749236323244,14.4404332129964,0.0323654390934844,0.0348611111111111,0.031015625,0.0304140127388535,0.0307387862796833,0.0323341836734693,0.031786941580756,0.0330788804071246,353,360,320,314,379,392,291,393
3,1,12014334,10.8858650374896,10.1083032490975,16.2454873646209,13.3018605942794,11.913357400722,11.913357400722,11.3301860594279,14.3015828936407,0.0300613496932515,0.03003300330033,0.0330882352941176,0.0291362530413625,0.03046875,0.0300420168067226,0.0303571428571428,0.030011655011655,326,303,442,411,352,357,336,429
3,2,12015571,12.6076089975007,11.0247153568453,12.4132185504027,12.7742293807276,13.1352402110525,12.0522077200778,12.0799777839489,13.9128019994446,0.0337797619047619,0.0334175084175084,0.0309556786703601,0.0319444444444444,0.0307942708333333,0.0306497175141242,0.0322700296735905,0.0329605263157894,336,297,361,360,384,354,337,380
3,3,12015896,13.2463204665371,10.0805331852263,10.8580949736184,12.0244376562066,13.9128019994446,14.4959733407387,13.412940849764,11.9688975284643,0.0322297297297297,0.0293689320388349,0.030546875,0.0304073033707865,0.0312344139650872,0.0307783018867924,0.0338235294117647,0.0307857142857142,370,309,320,356,401,424,357,350
3,4,12015975,10.024993057484,10.2471535684532,14.6625937239656,13.7461816162177,12.0522077200778,13.3018605942794,15.0236045542905,10.9414051652319,0.0303872053872054,0.0295673076923076,0.0302752293577981,0.0286458333333333,0.0297260273972602,0.030470737913486,0.031163594470046,0.0291420118343195,297,312,436,432,365,393,434,338
3,5,12016112,12.1355179116912,12.7742293807276,11.5523465703971,12.1910580394335,12.6076089975007,12.9686198278256,12.7742293807276,12.9963898916968,0.0311253561253561,0.0321229050279329,0.032,0.0311789772727272,0.0306756756756756,0.031554054054054,0.0324858757062146,0.0325,351,358,325,352,370,370,354,360
3,6,12016189,10.4693140794224,10.2749236323244,11.3301860594279,17.1341294084976,10.8303249097473,14.1627325742849,14.1349625104138,11.6634268258817,0.0290895061728395,0.028816199376947,0.0298245614035087,0.0300097276264591,0.0285923753665689,0.03,0.0304425837320574,0.03,324,321,342,514,341,425,418,350
3,7,12016268,10.5526242710358,12.6909191891141,9.13635101360733,13.607331296862,13.9683421271869,12.5520688697584,12.3021382949181,15.1902249375174,0.0297805642633228,0.0307951482479784,0.0294802867383512,0.0305486284289276,0.031359102244389,0.0288265306122449,0.0327662721893491,0.0303215077605321,319,371,279,401,401,392,338,451
3,8,12016280,12.1355179116912,11.9966675923355,12.2743682310469,13.80172174396,11.8300472091086,12.4965287420161,14.2738128297695,11.1913357400722,0.0301795580110497,0.0312138728323699,0.0297843665768194,0.0290983606557377,0.0293388429752066,0.0293733681462141,0.0303066037735849,0.0298076923076923,362,346,371,427,363,383,424,338
3,9,12016886,12.1632879755623,16.3843376839767,14.3015828936407,11.0524854207165,12.9130797000833,13.2740905304082,9.02527075812274,10.8858650374896,0.03,0.0340646651270207,0.0310990338164251,0.0294378698224852,0.0314189189189189,0.0294334975369458,0.0303171641791045,0.0295180722891566,365,433,414,338,370,406,268,332
3,10,12017001,14.0238822549292,11.4690363787837,14.6625937239656,12.3576784226604,11.2746459316856,11.6078866981394,11.1635656762011,13.4407109136351,0.0327922077922077,0.0307291666666666,0.0398791540785498,0.032624633431085,0.0286723163841807,0.0311011904761904,0.0347750865051903,0.0309462915601023,385,336,331,341,354,336,289,391
3,11,12017191,10.6914745903916,10.774784782005,14.1905026381561,11.913357400722,12.2465981671758,12.6076089975007,12.1355179116912,15.4401555123577,0.0297067901234568,0.0305993690851735,0.0313112745098039,0.0289083557951482,0.0290897097625329,0.0295572916666666,0.0313936781609195,0.0318807339449541,324,317,408,371,379,384,348,436
3,12,12017506,12.9130797000833,12.2743682310469,6.41488475423493,15.6345459594557,12.6076089975007,12.9130797000833,13.3296306581505,13.9128019994446,0.0309175531914893,0.0325,0.028448275862069,0.0324308755760368,0.0303475935828877,0.0304319371727748,0.03125,0.0311567164179104,376,340,203,434,374,382,384,402
3,13,12017708,13.5517911691197,12.9963898916968,9.96945292974174,12.4965287420161,12.6353790613718,11.9966675923355,15.3846153846154,10.969175229103,0.0313624678663239,0.0311999999999999,0.0293300653594771,0.0293733681462141,0.0298556430446194,0.0299168975069252,0.0353316326530612,0.0305727554179566,389,375,306,383,381,361,392,323
3,14,12018091,12.1632879755623,10.3026936961955,12.6353790613718,15.0236045542905,12.663149125243,11.913357400722,9.80283254651486,15.4956956401,0.0295945945945945,0.0286265432098765,0.0311643835616438,0.0333128078817733,0.0298429319371727,0.033411214953271,0.0304310344827586,0.0316326530612244,370,324,365,406,382,321,290,441
3,15,12019373,9.94168286587059,11.1080255484588,14.3293529575118,12.9408497639545,11.6634268258817,11.7467370174951,14.4682032768675,13.80172174396,0.0295379537953795,0.0316455696202531,0.0342175066312997,0.0311497326203208,0.0307917888563049,0.0308309037900874,0.0340968586387434,0.0309850374064837,303,316,377,374,341,343,382,401
3,16,12020252,12.9963898916968,11.3857261871702,10.3026936961955,14.5237434046098,12.468758678145,14.2738128297695,14.8014440433213,9.24743126909192,0.0311170212765957,0.03125,0.0348684210526315,0.0317354368932038,0.0284177215189873,0.030235294117647,0.0312793427230046,0.0293133802816901,376,328,266,412,395,425,426,284
3,17,12020690,12.3299083587892,13.7184115523466,12.2188281033046,11.3301860594279,12.2188281033046,11.8578172729797,14.6348236600944,11.6911968897528,0.0313559322033898,0.0339285714285714,0.0340557275541795,0.0295652173913043,0.0300546448087431,0.0309420289855072,0.0344895287958115,0.0297316384180791,354,364,323,345,366,345,382,354
3,18,12020724,11.8022771452374,10.8580949736184,9.96945292974174,14.2738128297695,13.3296306581505,12.8297695084699,13.2185504026659,13.7184115523466,0.0299295774647887,0.0286656891495601,0.0305272108843537,0.0311138014527845,0.0317460317460317,0.0307999999999999,0.0315649867374005,0.0311868686868686,355,341,294,413,378,375,377,396
3,19,12020825,12.1632879755623,12.7186892529853,9.99722299361289,13.6351013607331,12.9963898916968,13.051930019439,10.8025548458761,14.6348236600944,0.0323008849557522,0.032528409090909,0.0329670329670329,0.0351719197707736,0.0322314049586776,0.0321917808219178,0.0338850174216028,0.0341321243523316,339,352,273,349,363,365,287,386
3,20,12020869,12.4409886142738,13.4684809775062,11.1357956123299,12.4132185504027,12.857539572341,13.2740905304082,13.5517911691197,10.8580949736184,0.0307692307692307,0.0336805555555555,0.0327614379084967,0.0307005494505494,0.0303010471204188,0.0316137566137566,0.0340782122905028,0.0286656891495601,364,360,306,364,382,378,358,341
3,21,12020915,12.1077478478201,13.0241599555679,13.2740905304082,12.5242988058873,12.9408497639545,11.9966675923355,10.580394334907,13.5517911691197,0.0302777777777777,0.0318614130434782,0.0328296703296703,0.0334569732937685,0.0325418994413407,0.0321428571428571,0.0315397350993377,0.0312820512820512,360,368,364,337,358,336,302,390
3,22,12022243,11.8855873368509,11.2191058039433,13.3018605942794,13.7461816162177,10.9969452929742,11.2746459316856,11.3579561232991,16.2177173007498,0.0299719887955182,0.0286931818181818,0.0324525745257452,0.0318123393316195,0.0304615384615384,0.0292507204610951,0.0293821839080459,0.0327354260089686,357,352,369,389,325,347,348,446
3,23,12022401,12.6076089975007,15.1624548736462,14.0516523188003,9.74729241877256,10.9136351013607,13.80172174396,11.3301860594279,12.3854484865315,0.0311813186813186,0.0347328244274809,0.0323529411764705,0.0291528239202658,0.0291543026706231,0.0305282555282555,0.0331168831168831,0.0317663817663817,364,393,391,301,337,407,308,351
3,24,12023053,12.1355179116912,12.3021382949181,13.2740905304082,12.5242988058873,12.7186892529853,11.718966953624,12.0244376562066,13.3018605942794,0.0304317548746518,0.0317335243553008,0.0303299492385786,0.0314066852367688,0.0308625336927223,0.0306686046511627,0.0297390109890109,0.0308634020618556,359,349,394,359,371,344,364,388
3,25,12023389,10.5248542071647,10.8025548458761,12.3021382949181,13.607331296862,13.3851707858928,12.6353790613718,12.5242988058873,14.2182727020272,0.0295171339563863,0.0288575667655786,0.0313739376770538,0.0308564231738035,0.030506329113924,0.0290920716112532,0.0313194444444444,0.0303317535545023,321,337,353,397,395,391,360,422
3,26,12023514,12.3854484865315,11.3857261871702,14.4126631491252,11.9966675923355,12.5242988058873,14.1627325742849,10.7470147181339,12.3854484865315,0.0331845238095238,0.0316358024691358,0.0330994897959183,0.0313953488372093,0.0317605633802816,0.0350274725274725,0.0320364238410596,0.0316761363636363,336,324,392,344,355,364,302,352
3,27,12023716,10.4693140794224,10.0805331852263,16.828658705915,13.3018605942794,11.5801166342683,9.94168286587059,11.9688975284643,15.8289364065537,0.0291795665634675,0.0299504950495049,0.0332236842105263,0.030470737913486,0.0308431952662722,0.029734219269103,0.0306980056980057,0.0306451612903225,323,303,456,393,338,301,351,465
3,28,12023963,11.3857261871702,14.0794223826715,12.4409886142738,12.2188281033046,11.1357956123299,12.6353790613718,12.3021382949181,13.80172174396,0.0302359882005899,0.0360085227272727,0.0329411764705882,0.0304709141274238,0.0320287539936102,0.0334558823529411,0.0329613095238095,0.0321891191709844,339,352,340,361,313,340,336,386
3,29,12024177,13.1630102749236,11.9411274645932,14.5237434046098,12.1355179116912,10.1360733129686,11.0247153568453,13.051930019439,14.0238822549292,0.0322010869565217,0.0299442896935933,0.030126728110599,0.0301795580110497,0.028876582278481,0.0283571428571428,0.0309210526315789,0.0310960591133004,368,359,434,362,316,350,380,406
3,30,12024223,11.9966675923355,12.3576784226604,10.7192446542627,13.3851707858928,10.9136351013607,12.6909191891141,13.0797000833102,14.8292141071924,0.0303370786516853,0.0319683908045977,0.0320598006644518,0.0326558265582655,0.0308962264150943,0.0320926966292134,0.0336428571428571,0.0328009828009827,356,348,301,369,318,356,350,407
3,31,12024346,10.969175229103,11.9688975284643,8.91419050263816,13.2463204665371,13.9128019994446,13.80172174396,14.3015828936407,12.8853096362122,0.0292159763313609,0.0307857142857142,0.0293956043956044,0.0290145985401459,0.0319515306122449,0.0312185929648241,0.032928388746803,0.0295918367346938,338,350,273,411,392,398,391,392
3,32,12024368,11.6634268258817,12.1910580394335,12.1355179116912,13.2463204665371,11.6634268258817,12.8853096362122,10.8303249097473,15.3846153846154,0.0296610169491525,0.0298233695652173,0.0317587209302325,0.0299623115577889,0.0306122448979591,0.0286419753086419,0.030564263322884,0.0305739514348785,354,368,344,398,343,405,319,453
3,33,12024672,9.24743126909192,13.6906414884754,12.9130797000833,11.7467370174951,14.8569841710636,11.4968064426548,10.7192446542627,15.3290752568731,0.0282203389830508,0.0307356608478803,0.0308355437665782,0.0292936288088642,0.0331064356435643,0.0293201133144475,0.0309294871794871,0.0303296703296703,295,401,377,361,404,353,312,455
3,34,12024728,11.6078866981394,12.2743682310469,8.49763954457095,14.1349625104138,12.2743682310469,12.4409886142738,15.5234657039711,13.2463204665371,0.0296033994334277,0.0310393258426966,0.0306,0.0321338383838383,0.030191256830601,0.0302702702702702,0.0328823529411764,0.0313815789473684,353,356,250,396,366,370,425,380
3,35,12024830,11.4968064426548,12.6076089975007,10.8025548458761,13.9683421271869,12.0244376562066,12.9130797000833,12.5520688697584,13.6351013607331,0.0301749271137026,0.0305929919137466,0.0292042042042042,0.0295882352941176,0.0287898936170212,0.0293560606060606,0.029973474801061,0.0296497584541062,343,371,333,425,376,396,377,414
3,36,12025000,11.6911968897528,13.996112191058,13.3574007220217,12.7464593168564,11.2191058039433,10.8858650374896,12.5798389336295,13.5240211052485,0.0296478873239436,0.0335999999999999,0.0317282321899736,0.0316115702479338,0.0317610062893081,0.0299694189602446,0.0321732954545454,0.0317057291666666,355,375,379,363,318,327,352,384
3,37,12025123,12.1355179116912,13.1074701471813,10.5526242710358,13.1352402110525,11.8855873368509,13.1352402110525,13.996112191058,12.0522077200778,0.030688202247191,0.0305699481865284,0.0304487179487179,0.0294887780548628,0.0311046511627907,0.0296365914786967,0.0323907455012853,0.0303072625698324,356,386,312,401,344,399,389,358
3,38,12025202,11.8300472091086,13.2463204665371,12.663149125243,13.051930019439,11.8300472091086,12.5520688697584,14.1627325742849,10.6637045265204,0.0316023738872403,0.0330332409972299,0.0332361516034985,0.0296717171717171,0.0300847457627118,0.0317415730337078,0.0346467391304347,0.0291793313069908,337,361,343,396,354,356,368,329
3,39,12025381,11.3857261871702,11.8022771452374,12.4409886142738,13.2463204665371,13.9405720633157,12.1355179116912,11.0247153568453,14.0238822549292,0.0319314641744548,0.0307080924855491,0.0339393939393939,0.0318850267379679,0.0344780219780219,0.0311253561253561,0.0313091482649842,0.0329634464751958,321,346,330,374,364,351,317,383
3,40,12025752,12.6353790613718,12.4965287420161,12.3854484865315,12.4132185504027,12.9686198278256,13.1074701471813,12.1632879755623,11.8300472091086,0.0305779569892473,0.0310773480662983,0.0320402298850574,0.0310416666666666,0.0304830287206266,0.0303341902313624,0.03,0.0307803468208092,372,362,348,360,383,389,365,346
3,41,12025763,10.2749236323244,12.8019994445987,10.7192446542627,14.1905026381561,11.1357956123299,12.2465981671758,14.5792835323521,14.0516523188003,0.0283742331288343,0.0300130208333333,0.0297839506172839,0.0297785547785547,0.0281601123595505,0.0288612565445026,0.0313245823389021,0.0289473684210526,326,384,324,429,356,382,419,437
3,42,12025864,11.9966675923355,12.3854484865315,12.9130797000833,14.940294362677,11.9411274645932,11.3301860594279,9.71952235490142,14.7736739794502,0.0343949044585987,0.0336858006042296,0.0315040650406504,0.0332920792079207,0.0336990595611285,0.0312883435582822,0.0299657534246575,0.0341902313624678,314,331,369,404,319,326,292,389
3,43,12025886,11.718966953624,12.6076089975007,11.7467370174951,12.2465981671758,12.5520688697584,13.7739516800889,14.940294362677,10.4137739516801,0.0314925373134328,0.0321529745042492,0.0302142857142857,0.0307103064066852,0.0297368421052631,0.0306172839506172,0.0337092731829573,0.0305374592833876,335,353,350,359,380,405,399,307
3,44,12026012,12.3576784226604,10.8303249097473,13.6628714246043,11.6911968897528,14.0238822549292,13.7184115523466,12.2743682310469,11.4412663149125,0.0295092838196286,0.030564263322884,0.0354466858789625,0.0306851311953352,0.0352653631284916,0.0322454308093994,0.0310393258426966,0.0302052785923753,377,319,347,343,358,383,356,341
3,45,12026102,11.718966953624,14.8569841710636,12.663149125243,10.3026936961955,12.7742293807276,12.7186892529853,11.7467370174951,13.2185504026659,0.0299715909090909,0.0316943127962085,0.031578947368421,0.0276041666666666,0.0313351498637602,0.0295865633074935,0.0297887323943662,0.0293827160493827,352,422,361,336,367,387,355,405
3,46,12026168,10.580394334907,12.0522077200778,12.4965287420161,14.2460427658984,11.0524854207165,10.8580949736184,13.8850319355735,14.8292141071924,0.0304313099041533,0.0304775280898876,0.0311634349030471,0.0322236180904522,0.0298798798798798,0.0299846625766871,0.0308641975308641,0.0314117647058823,313,356,361,398,333,326,405,425
3,47,12026203,11.7745070813663,13.2740905304082,12.6909191891141,11.4690363787837,12.5798389336295,12.3576784226604,11.6634268258817,14.1905026381561,0.0293628808864265,0.0301007556675062,0.0327363896848137,0.0297550432276657,0.0296465968586387,0.0304794520547945,0.0316265060240963,0.0311585365853658,361,397,349,347,382,365,332,410
3,48,12026359,12.1077478478201,11.0247153568453,12.1910580394335,13.412940849764,12.6909191891141,12.6076089975007,11.6078866981394,14.3571230213829,0.0334355828220858,0.0311128526645768,0.0307422969187675,0.0311211340206185,0.0331159420289855,0.0315277777777777,0.0316666666666666,0.0332262210796915,326,319,357,388,345,360,330,389
3,49,12026371,11.2746459316856,13.1907803387948,13.1352402110525,12.2465981671758,12.2465981671758,10.6081643987781,13.9405720633157,13.3574007220217,0.0295058139534883,0.0329861111111111,0.0309554973821989,0.0286363636363636,0.0297972972972973,0.02984375,0.0330263157894736,0.02940097799511,344,360,382,385,370,320,380,409
3,50,12026652,12.2465981671758,10.3860038878089,13.0797000833102,13.1352402110525,13.6906414884754,13.3574007220217,11.9688975284643,12.1355179116912,0.0312322946175637,0.0291277258566978,0.0301150895140664,0.0305555555555555,0.0315217391304347,0.0300625,0.0298476454293628,0.0291333333333333,353,321,391,387,391,400,361,375
3,51,12026663,12.5242988058873,13.5795612329908,10.0805331852263,11.6911968897528,11.6356567620106,13.2185504026659,15.3568453207442,11.913357400722,0.0306385869565217,0.0322559366754617,0.03025,0.031047197640118,0.0312686567164179,0.0299748110831234,0.0322261072261072,0.0292234332425068,368,379,300,339,335,397,429,367
3,52,12026674,12.4965287420161,14.1905026381561,8.9975006942516,13.5240211052485,14.1071924465426,13.1630102749236,10.1083032490975,13.3851707858928,0.0301608579088471,0.0329252577319587,0.0302238805970149,0.0305904522613065,0.0327319587628866,0.030541237113402,0.0295454545454545,0.0309768637532133,373,388,268,398,388,388,308,389
3,53,12026810,11.8855873368509,11.1913357400722,15.1069147459039,11.8578172729797,11.3857261871702,11.8855873368509,14.0794223826715,12.6076089975007,0.0320359281437125,0.0327110389610389,0.0370572207084468,0.0324468085106383,0.0311550151975683,0.0321321321321321,0.0325,0.0309264305177111,334,308,367,329,329,333,390,367
3,54,12026876,11.4968064426548,12.5520688697584,12.3299083587892,13.6628714246043,13.7184115523466,10.5248542071647,12.2465981671758,13.4684809775062,0.0295714285714285,0.031129476584022,0.0289817232375979,0.0295673076923076,0.0309523809523809,0.0298895899053627,0.0309691011235955,0.0297911547911547,350,363,383,416,399,317,356,407
3,55,12026898,11.4968064426548,13.7184115523466,10.0805331852263,13.4962510413774,12.6076089975007,11.3024159955568,13.7461816162177,13.5517911691197,0.0314589665653495,0.0317480719794344,0.0292741935483871,0.0309948979591836,0.0291025641025641,0.028501400560224,0.035458452722063,0.0308080808080808,329,389,310,392,390,357,349,396
3,56,12027035,9.35851152457651,11.0524854207165,12.5798389336295,13.2185504026659,11.7745070813663,14.2738128297695,12.8853096362122,14.8569841710636,0.0300892857142857,0.0303353658536585,0.0324498567335243,0.0305912596401028,0.0290410958904109,0.0327806122448979,0.0312668463611859,0.0316193853427895,280,328,349,389,365,392,371,423
3,57,12027282,13.6628714246043,11.0247153568453,9.99722299361289,15.3013051930019,10.4415440155512,14.745903915579,13.7739516800889,11.0524854207165,0.0313775510204081,0.029894578313253,0.0292207792207792,0.0306792873051224,0.0280597014925373,0.0306581986143187,0.0329787234042553,0.0313880126182965,392,332,308,449,335,433,376,317
3,58,12027417,10.969175229103,11.9411274645932,13.4684809775062,13.9405720633157,10.5248542071647,10.6359344626493,14.8847542349347,13.6351013607331,0.0301067073170731,0.031524926686217,0.030464824120603,0.0298809523809523,0.0294254658385093,0.0300156739811912,0.0330864197530864,0.0316365979381443,328,341,398,420,322,319,405,388
3,59,12027428,12.7742293807276,14.6070535962233,11.1080255484588,12.0799777839489,13.2740905304082,12.2188281033046,13.5517911691197,10.3860038878089,0.0311653116531165,0.0344240837696335,0.0307692307692307,0.031985294117647,0.0325613079019073,0.0302197802197802,0.0329729729729729,0.0312709030100334,369,382,325,340,367,364,370,299
3,60,12027440,11.5801166342683,13.9405720633157,11.6634268258817,14.551513468481,11.6356567620106,11.0802554845876,10.6637045265204,14.8847542349347,0.0314954682779456,0.0355524079320113,0.0330188679245283,0.0323456790123456,0.0304505813953488,0.0310747663551401,0.0317880794701986,0.0332506203473945,331,353,318,405,344,321,302,403
3,61,12027451,11.5523465703971,13.412940849764,10.5526242710358,12.0522077200778,11.1357956123299,12.9963898916968,15.884476534296,12.4132185504027,0.0292134831460674,0.0306472081218274,0.0279411764705882,0.0292452830188679,0.0299253731343283,0.0289603960396039,0.030168776371308,0.0294078947368421,356,394,340,371,335,404,474,380
3,62,12027866,12.3021382949181,12.4409886142738,11.7467370174951,13.5240211052485,12.9963898916968,11.2468758678145,11.1635656762011,14.5792835323521,0.0314630681818181,0.0306010928961748,0.0298728813559322,0.0309796437659033,0.0309523809523809,0.0293478260869565,0.0293859649122807,0.030311778290993,352,366,354,393,378,345,342,433
3,63,12028148,12.2743682310469,13.6351013607331,11.0802554845876,13.2463204665371,11.4134962510414,12.3854484865315,14.745903915579,11.2191058039433,0.0308659217877095,0.0332655826558265,0.030787037037037,0.0333100558659217,0.0302205882352941,0.0314971751412429,0.0320652173913043,0.0306990881458966,358,369,324,358,340,354,414,329
3,64,12430123,10.8580949736184,16.439877811719,11.3024159955568,10.9414051652319,13.607331296862,12.1355179116912,13.8572618717023,10.8580949736184,0.0311305732484076,0.0328159645232815,0.0302827380952381,0.0284682080924855,0.0319843342036553,0.0301795580110497,0.0295616113744075,0.0281700288184438,314,451,336,346,383,362,422,347
3,65,12431247,10.4415440155512,12.1355179116912,10.8858650374896,12.4132185504027,14.2460427658984,14.2738128297695,13.1352402110525,12.4132185504027,0.0283132530120482,0.0317587209302325,0.0333333333333333,0.030121293800539,0.0303909952606635,0.0286191536748329,0.0322207084468664,0.0293307086614173,332,344,294,371,422,449,367,381
3,66,12431315,12.468758678145,12.2188281033046,12.1910580394335,12.663149125243,13.051930019439,12.7742293807276,10.1360733129686,14.4959733407387,0.0332100591715976,0.0336391437308868,0.0336656441717791,0.0326647564469914,0.0315013404825737,0.0298701298701298,0.0333029197080292,0.0348,338,327,326,349,373,385,274,375
