group,subject,SubjectID,Time_coverage_1,Time_coverage_2,Time_coverage_3,Time_coverage_4,Time_coverage_5,Time_coverage_6,Time_coverage_7,Time_coverage_8,Time_coverage_9,Duration_1,Duration_2,Duration_3,Duration_4,Duration_5,Duration_6,Duration_7,Duration_8,Duration_9,Occurrence_1,Occurrence_2,Occurrence_3,Occurrence_4,Occurrence_5,Occurrence_6,Occurrence_7,Occurrence_8,Occurrence_9
2,1,12000058,11.3579561232991,15.1346848097751,9.96945292974174,8.88642043876701,14.5237434046098,8.9975006942516,10.2471535684532,5.72063315745626,15.1624548736462,0.0480046948356807,0.0468213058419244,0.0425355450236967,0.0506329113924051,0.0506782945736434,0.0409090909090909,0.0433098591549296,0.0396153846153846,0.0564049586776859,213,291,211,158,258,198,213,130,242
2,2,12000070,13.8294918078312,13.3574007220217,7.99777839489031,11.4690363787837,13.7739516800889,10.4970841432935,12.3576784226604,6.72035545681755,9.94168286587059,0.0369436201780415,0.0349563953488372,0.0327272727272727,0.0385261194029851,0.0366863905325443,0.0352611940298507,0.0372073578595317,0.0330601092896175,0.0325454545454545,337,344,220,268,338,268,299,183,275
2,3,12000104,14.3848930852541,10.7192446542627,8.96973063038045,9.830602610386,14.8847542349347,10.969175229103,8.9419605665093,8.63648986392669,12.663149125243,0.0530737704918033,0.0419565217391304,0.0429521276595744,0.0475806451612903,0.0496296296296296,0.0414915966386554,0.0414948453608247,0.0454678362573099,0.0478991596638655,244,230,188,186,270,238,194,171,238
2,4,12000126,13.0797000833102,16.8841988336573,8.66425992779783,9.99722299361289,9.33074146070536,9.77506248264371,11.8022771452374,7.22021660649819,13.2185504026659,0.051195652173913,0.051877133105802,0.0440677966101695,0.046875,0.0432989690721649,0.0423076923076923,0.046806167400881,0.040625,0.0468503937007874,230,293,177,192,194,208,227,160,254
2,5,12000182,13.3018605942794,16.0788669813941,8.9419605665093,8.38655928908637,14.5792835323521,7.91446820327687,10.7192446542627,6.22049430713691,13.8572618717023,0.0507415254237288,0.0399861878453038,0.0414948453608247,0.0385204081632653,0.0446428571428571,0.0378989361702128,0.0434684684684684,0.0383561643835616,0.0465485074626865,236,362,194,196,294,188,222,146,268
2,6,12000216,13.9405720633157,14.1905026381561,6.97028603165787,9.05304082199389,15.8011663426826,9.96945292974174,11.6911968897528,7.27575673424049,11.1080255484588,0.0514344262295082,0.0449823943661971,0.0410130718954248,0.0417948717948718,0.0528810408921933,0.0415509259259259,0.0457608695652174,0.0387573964497041,0.0403225806451613,244,284,153,195,269,216,230,169,248
2,7,12000238,12.1077478478201,14.9958344904193,7.30352679811164,8.33101916134407,12.4965287420161,10.9969452929742,15.8011663426826,8.38655928908637,9.58067203554568,0.0539603960396039,0.0444078947368421,0.0426948051948052,0.0443786982248521,0.0453629032258064,0.0478260869565217,0.0580612244897959,0.046319018404908,0.0418689320388349,202,304,154,169,248,207,245,163,206
2,8,12000294,14.3848930852541,15.1902249375174,8.21993890585948,9.30297139683421,11.9966675923355,11.2468758678145,11.8300472091086,8.41432935295751,9.4140516523188,0.0507843137254902,0.0452814569536424,0.0404371584699453,0.0465277777777778,0.0495412844036697,0.0432692307692307,0.0453191489361702,0.0411684782608696,0.0390552995391705,255,302,183,180,218,234,235,184,217
2,9,12000339,11.4968064426548,14.9125242988059,6.99805609552902,8.74757011941128,14.5237434046098,11.913357400722,12.8019994445987,8.9975006942516,9.60844209941683,0.0390566037735849,0.0396017699115044,0.0357954545454545,0.0361238532110092,0.0419070512820512,0.0385791366906474,0.0381622516556291,0.0355263157894737,0.0358921161825726,265,339,176,218,312,278,302,228,241
2,10,12000362,13.6628714246043,13.1907803387948,8.49763954457095,5.91502360455429,17.5506803665648,11.1357956123299,12.9686198278256,8.02554845876145,9.05304082199389,0.0546666666666666,0.0434981684981685,0.0418032786885246,0.0419291338582677,0.055438596491228,0.0453619909502262,0.0496808510638297,0.0417630057803468,0.0384433962264151,225,273,183,127,285,221,235,173,212
2,11,12000373,15.5234657039711,16.2177173007498,7.19244654262705,7.88669813940572,16.8564287697862,8.35878922521522,10.4415440155512,5.47070258261594,12.0522077200778,0.0559,0.0463492063492063,0.0380882352941176,0.044375,0.0484824281150159,0.0393979057591623,0.0414096916299559,0.0390873015873016,0.0417307692307692,250,315,170,160,313,191,227,126,260
2,12,12000384,14.7736739794502,14.2182727020272,9.19189114134963,9.05304082199389,13.5795612329908,10.1916134407109,11.4968064426548,7.60899750069425,9.8861427381283,0.0517509727626459,0.0450704225352112,0.0464887640449438,0.0476608187134503,0.047568093385214,0.0422811059907834,0.0476958525345622,0.0417682926829268,0.0410138248847926,257,284,178,171,257,217,217,164,217
2,13,12000463,11.3579561232991,12.663149125243,8.63648986392669,10.5248542071647,13.6351013607331,11.1913357400722,13.2463204665371,7.41460705359622,11.2746459316856,0.0370471014492753,0.038,0.0366745283018868,0.0380522088353413,0.0411912751677852,0.0401394422310757,0.0380990415335463,0.034765625,0.0373161764705882,276,300,212,249,298,251,313,192,272
2,14,12000485,13.2463204665371,16.4121077478478,7.19244654262705,9.46959178006109,11.4968064426548,11.2746459316856,13.7739516800889,6.99805609552902,10.1360733129686,0.0385922330097087,0.0386780104712042,0.0346256684491979,0.03875,0.0404296875,0.0365107913669065,0.0424657534246575,0.0335106382978723,0.0341760299625468,309,382,187,220,256,278,292,188,267
2,15,12000519,12.3576784226604,15.8011663426826,11.6078866981394,8.33101916134407,16.3287975562344,9.08081088586504,9.8861427381283,7.30352679811164,9.27520133296307,0.0512672811059908,0.0480574324324324,0.0464444444444444,0.0398936170212766,0.0480392156862745,0.0376728110599078,0.0454081632653061,0.0371468926553672,0.0393867924528302,217,296,225,188,306,217,196,177,212
2,16,12000520,14.7181338517079,14.1905026381561,7.44237711746737,11.8578172729797,13.3296306581505,8.63648986392669,12.9963898916968,7.05359622327131,9.77506248264371,0.0403963414634146,0.0404272151898734,0.0364130434782609,0.0458154506437768,0.0392156862745098,0.0333690987124463,0.0387417218543046,0.0335978835978836,0.0368200836820083,328,316,184,233,306,233,302,189,239
2,17,12000542,11.6911968897528,19.3835045820605,7.97000833101916,10.774784782005,13.051930019439,7.99777839489031,11.3857261871702,8.46986948069981,9.24743126909192,0.0385531135531135,0.0439546599496221,0.0344951923076923,0.0411016949152542,0.0409407665505226,0.0328767123287671,0.0375457875457875,0.0364832535885167,0.0366740088105727,273,397,208,236,287,219,273,209,227
2,18,12000575,10.3582338239378,18.5504026659261,8.0533185226326,7.83115801166343,10.3026936961955,12.4409886142738,10.9969452929742,8.33101916134407,13.1352402110525,0.0463930348258706,0.0470422535211267,0.0400552486187845,0.0427272727272727,0.039468085106383,0.0466666666666666,0.0447963800904977,0.0405405405405405,0.0422321428571428,201,355,181,165,235,240,221,185,280
2,19,12000586,11.0247153568453,15.884476534296,7.10913635101361,7.10913635101361,12.4132185504027,11.9688975284643,14.9125242988059,8.1088586503749,11.4690363787837,0.0519633507853403,0.0481481481481481,0.0421052631578947,0.0415584415584416,0.0487991266375545,0.0523058252427184,0.0566455696202531,0.0467948717948718,0.04431330472103,191,297,152,154,229,206,237,156,233
2,20,12000597,12.1632879755623,13.8294918078312,9.71952235490142,9.96945292974174,13.3296306581505,8.60871980005554,13.2740905304082,6.80366564843099,12.3021382949181,0.0434523809523809,0.0378419452887538,0.0395927601809955,0.0431490384615385,0.0421052631578947,0.0350678733031674,0.0436131386861314,0.0348011363636364,0.0430933852140078,252,329,221,208,285,221,274,176,257
2,21,12000610,11.4134962510414,14.1071924465426,7.30352679811164,9.99722299361289,14.9125242988059,11.4968064426548,11.6078866981394,8.74757011941128,10.4137739516801,0.0363074204946996,0.037797619047619,0.032875,0.0364372469635627,0.0424841772151898,0.034731543624161,0.0367957746478873,0.0343886462882096,0.0330105633802817,283,336,200,247,316,298,284,229,284
2,22,12000621,12.663149125243,14.4404332129964,6.83143571230214,10.1360733129686,16.439877811719,12.0244376562066,11.0524854207165,7.5812274368231,8.83088031102472,0.0461538461538461,0.0403726708074534,0.0351428571428571,0.0422453703703703,0.05,0.0396520146520146,0.0421610169491525,0.0363031914893617,0.0378571428571428,247,322,175,216,296,273,236,188,210
2,23,12000643,13.607331296862,13.5795612329908,6.55373507359067,9.38628158844765,13.2463204665371,12.1077478478201,11.913357400722,8.91419050263816,10.6637045265204,0.0400326797385621,0.0368222891566265,0.0315508021390374,0.0367391304347826,0.0370341614906832,0.0365771812080537,0.0378975265017667,0.0342948717948718,0.0340425531914893,306,332,187,230,322,298,283,234,282
2,24,12000676,12.8853096362122,14.0794223826715,9.66398222715912,7.38683698972508,12.8853096362122,12.0244376562066,10.024993057484,9.44182171618995,11.6078866981394,0.0434456928838951,0.0389999999999999,0.0399082568807339,0.0395833333333333,0.03841059602649,0.0403917910447761,0.0397577092511013,0.0402843601895734,0.0371886120996441,267,325,218,168,302,268,227,211,281
2,25,12000698,9.96945292974174,15.2457650652597,10.6359344626493,9.27520133296307,13.0241599555679,10.3304637600666,10.8580949736184,7.24798667036934,13.3851707858928,0.0477393617021276,0.0435714285714285,0.0467073170731707,0.0448924731182796,0.0449233716475096,0.0436619718309859,0.0461084905660377,0.0446917808219178,0.0453007518796992,188,315,205,186,261,213,212,146,266
2,26,12000700,13.412940849764,16.439877811719,10.0805331852263,7.13690641488475,14.1071924465426,8.91419050263816,10.9136351013607,7.35906692585393,11.6356567620106,0.0536666666666667,0.0434017595307917,0.0426056338028169,0.0391768292682927,0.0447183098591549,0.0391463414634146,0.0454861111111111,0.0416666666666667,0.0431069958847736,225,341,213,164,284,205,216,159,243
2,27,12000722,12.7742293807276,18.5781727297973,6.49819494584838,9.33074146070536,14.551513468481,9.74729241877256,10.6637045265204,8.80311024715357,9.05304082199389,0.0348484848484848,0.0393529411764705,0.0334285714285714,0.035593220338983,0.0361878453038674,0.0340116279069767,0.0341637010676156,0.0331589958158996,0.0338174273858921,330,425,175,236,362,258,281,239,241
2,28,12000733,12.4965287420161,15.7733962788114,8.46986948069981,9.74729241877256,10.9414051652319,10.9969452929742,10.8580949736184,8.69202999166898,12.0244376562066,0.048076923076923,0.0432926829268292,0.0387055837563452,0.043875,0.0386274509803921,0.0405737704918033,0.0425,0.04275956284153,0.0410037878787878,234,328,197,200,255,244,230,183,264
2,29,12000766,8.44209941682866,14.8569841710636,10.1638433768398,9.60844209941683,10.774784782005,13.1074701471813,14.8014440433213,8.30324909747292,9.94168286587059,0.0383838383838384,0.0439967105263158,0.0419724770642202,0.0411904761904762,0.0392712550607287,0.0445283018867924,0.046919014084507,0.040625,0.0385775862068965,198,304,218,210,247,265,284,184,232
2,30,12000788,9.44182171618995,14.5792835323521,16.828658705915,7.6367675645654,15.8567064704249,11.1357956123299,10.7470147181339,6.66481532907526,7.10913635101361,0.0384615384615384,0.0394144144144144,0.0506688963210702,0.0367647058823529,0.0463474025974026,0.0379734848484848,0.0394897959183673,0.0363636363636364,0.0329896907216495,221,333,299,187,308,264,245,165,194
2,31,12000867,12.3854484865315,15.1902249375174,9.830602610386,9.71952235490142,13.4962510413774,10.7470147181339,10.1638433768398,8.21993890585948,10.2471535684532,0.0478540772532189,0.0423374613003096,0.0453846153846154,0.0448717948717949,0.0440217391304348,0.0465144230769231,0.0408482142857143,0.0430232558139535,0.0376530612244898,233,323,195,195,276,208,224,172,245
2,32,12000889,15.7733962788114,15.3290752568731,9.99722299361289,8.91419050263816,10.6914745903916,10.7470147181339,9.30297139683421,9.21966120522077,10.024993057484,0.0455128205128205,0.0392045454545454,0.0422535211267606,0.040530303030303,0.036736641221374,0.0375,0.0356382978723404,0.0380733944954128,0.0380801687763713,312,352,213,198,262,258,235,218,237
2,33,12001004,11.2468758678145,17.9950013885032,7.1646764787559,9.24743126909192,12.8019994445987,11.5801166342683,11.8855873368509,8.1088586503749,9.96945292974174,0.0382075471698113,0.042077922077922,0.035054347826087,0.0358836206896551,0.0401567944250871,0.0348662207357859,0.0380782918149466,0.0325892857142857,0.0334888059701492,265,385,184,232,287,299,281,224,268
2,34,12001015,12.2743682310469,14.7181338517079,8.49763954457095,7.44237711746737,10.7192446542627,14.2738128297695,10.9969452929742,8.60871980005554,12.468758678145,0.0418560606060606,0.0401515151515151,0.03984375,0.0350785340314136,0.0382936507936508,0.0415857605177993,0.0432314410480349,0.0363849765258216,0.0405234657039711,264,330,192,191,252,309,229,213,277
2,35,12001037,14.2182727020272,15.9955567897806,9.16412107747848,9.80283254651486,10.4415440155512,11.1913357400722,10.969175229103,8.74757011941128,9.4140516523188,0.0579185520361991,0.0427299703264095,0.0450819672131147,0.0471925133689839,0.044131455399061,0.0436147186147186,0.044481981981982,0.04375,0.0409420289855072,221,337,183,187,213,231,222,180,207
2,36,12001048,11.0247153568453,17.9950013885032,10.8303249097473,10.4970841432935,8.71980005554013,8.77534018328242,11.1913357400722,6.94251596778673,13.996112191058,0.0479468599033816,0.0434316353887399,0.043141592920354,0.0467821782178218,0.0426630434782609,0.0398989898989899,0.0457954545454545,0.0416666666666667,0.047191011235955,207,373,226,202,184,198,220,150,267
2,37,12001060,12.857539572341,15.0236045542905,6.80366564843099,10.6637045265204,13.4407109136351,10.774784782005,13.4407109136351,7.5812274368231,9.4140516523188,0.0387123745819398,0.0393168604651162,0.0340277777777778,0.0430493273542601,0.0423076923076923,0.037890625,0.042756183745583,0.0370923913043478,0.0370087336244541,299,344,180,223,286,256,283,184,229
2,38,12001082,12.8853096362122,15.2179950013885,6.66481532907526,9.8861427381283,11.4690363787837,10.8858650374896,13.8294918078312,6.97028603165787,12.1910580394335,0.046031746031746,0.0411411411411411,0.0377358490566038,0.0406392694063927,0.0419715447154471,0.0431718061674009,0.0492094861660079,0.0341032608695652,0.0404981549815498,252,333,159,219,246,227,253,184,271
2,39,12001105,14.8847542349347,15.9955567897806,9.19189114134963,5.88725354068314,15.1624548736462,9.52513190780339,8.69202999166898,7.77561788392113,12.8853096362122,0.0546938775510204,0.0445820433436532,0.0442513368983957,0.0368055555555555,0.0470689655172414,0.0396990740740741,0.043232044198895,0.0376344086021505,0.046215139442231,245,323,187,144,290,216,181,186,251
2,40,12001116,12.663149125243,14.8292141071924,10.6081643987781,8.19216884198834,10.969175229103,11.2191058039433,13.607331296862,5.94279366842544,11.9688975284643,0.0485106382978723,0.0426517571884984,0.0440092165898617,0.0469745222929936,0.0382751937984496,0.05,0.0551801801801802,0.0379432624113475,0.0439795918367347,235,313,217,157,258,202,222,141,245
2,41,12001149,8.38655928908637,16.0788669813941,7.10913635101361,11.2468758678145,14.8569841710636,10.6081643987781,8.80311024715357,8.35878922521522,14.551513468481,0.0368292682926829,0.0438636363636363,0.0378698224852071,0.0434549356223176,0.0427316293929712,0.0380478087649402,0.0361872146118721,0.0374378109452736,0.0426710097719869,205,330,169,233,313,251,219,201,307
2,42,12001161,12.4409886142738,14.4682032768675,9.46959178006109,8.08108858650375,15.690086087198,10.8303249097473,11.2746459316856,7.1646764787559,10.580394334907,0.048068669527897,0.0414808917197452,0.0430555555555555,0.0371173469387755,0.0472408026755852,0.0376447876447876,0.04375,0.0360335195530726,0.037797619047619,233,314,198,196,299,259,232,179,252
2,43,12001183,14.0238822549292,16.1621771730075,6.83143571230214,9.13635101360733,14.4126631491252,9.4140516523188,10.3026936961955,8.38655928908637,11.3024159955568,0.0439895470383275,0.043562874251497,0.0363905325443787,0.0407178217821782,0.0438344594594594,0.0381756756756757,0.0354007633587786,0.0391191709844559,0.0411943319838056,287,334,169,202,296,222,262,193,247
2,44,12001194,12.9130797000833,15.0791446820328,8.96973063038045,9.05304082199389,13.4684809775062,8.27547903360178,10.9969452929742,7.49791724520966,13.7461816162177,0.0526018099547511,0.0432324840764331,0.0427248677248677,0.0438172043010753,0.0466346153846154,0.0378172588832487,0.0471428571428571,0.0441176470588235,0.0477799227799227,221,314,189,186,260,197,210,153,259
2,45,12001251,11.0247153568453,15.884476534296,6.02610386003888,8.49763954457095,15.5790058317134,11.6634268258817,9.96945292974174,8.33101916134407,13.0241599555679,0.0429653679653679,0.0415697674418604,0.0352272727272727,0.0388324873096447,0.0455357142857142,0.0408560311284046,0.0397123893805309,0.0369458128078818,0.0402920962199312,231,344,154,197,308,257,226,203,291
2,46,12001284,9.10858094973618,15.9677867259095,9.8861427381283,8.88642043876701,15.4401555123577,11.913357400722,11.1913357400722,6.33157456262149,11.2746459316856,0.0438502673796791,0.043960244648318,0.0395555555555555,0.0406091370558376,0.0486013986013986,0.045253164556962,0.0460045662100456,0.0419117647058823,0.0428270042194093,187,327,225,197,286,237,219,136,237
2,47,12001431,12.857539572341,13.6628714246043,7.72007775617884,7.19244654262705,14.3015828936407,13.3851707858928,12.3299083587892,9.35851152457651,9.19189114134963,0.0365141955835962,0.0355491329479768,0.0342364532019704,0.0330357142857143,0.0392530487804878,0.0378930817610062,0.037,0.0342479674796748,0.0350635593220339,317,346,203,196,328,318,300,246,236
2,48,12001543,14.1905026381561,12.2743682310469,6.58150513746182,12.1910580394335,13.4962510413774,10.2749236323244,12.3854484865315,7.35906692585393,11.2468758678145,0.039921875,0.0368333333333333,0.0338571428571428,0.0406481481481481,0.0443430656934306,0.0347744360902255,0.0377966101694915,0.0360054347826087,0.0361607142857142,320,300,175,270,274,266,295,184,280
2,49,12001554,13.8850319355735,13.4684809775062,7.72007775617884,8.16439877811719,14.3571230213829,12.1632879755623,11.8578172729797,12.1632879755623,6.22049430713691,0.0440140845070422,0.0401490066225165,0.0344059405940594,0.0380829015544041,0.0482276119402985,0.0404059040590406,0.0398320895522388,0.0438,0.0329411764705882,284,302,202,193,268,271,268,250,170
2,50,12001576,11.524576506526,16.9952790891419,8.33101916134407,9.99722299361289,13.6351013607331,10.1083032490975,12.4132185504027,7.38683698972508,9.60844209941683,0.0413346613545816,0.047076923076923,0.0376884422110553,0.0414746543778802,0.0429195804195804,0.0399122807017544,0.0412361623616236,0.0391176470588235,0.0396788990825688,251,325,199,217,286,228,271,170,218
2,51,12001598,13.1352402110525,14.4126631491252,7.22021660649819,8.58094973618439,14.5792835323521,10.969175229103,12.5242988058873,8.16439877811719,10.4137739516801,0.0396812080536912,0.0421266233766233,0.0361111111111111,0.0424450549450549,0.0455729166666666,0.0427489177489177,0.042070895522388,0.0397297297297297,0.0416666666666666,298,308,180,182,288,231,268,185,225
2,52,12001644,16.0510969175229,13.4962510413774,6.72035545681755,8.9975006942516,13.6906414884754,11.2191058039433,14.8569841710636,7.72007775617884,7.24798667036934,0.0431343283582089,0.043705035971223,0.0345714285714286,0.038388625592417,0.0453125,0.0415637860082304,0.0424603174603174,0.0397142857142857,0.0360497237569061,335,278,175,211,272,243,315,175,181
2,53,12001655,12.2743682310469,19.0780338794779,5.49847264648709,7.85892807553457,16.8008886420439,10.1638433768398,11.524576506526,8.24770896973063,8.55317967231325,0.0370805369127516,0.0394827586206896,0.0336734693877551,0.0338516746411483,0.0471183800623052,0.0342696629213483,0.0391509433962264,0.0342165898617511,0.034070796460177,298,435,147,209,321,267,265,217,226
2,54,12001666,12.9130797000833,14.2460427658984,7.49791724520966,9.30297139683421,13.5795612329908,11.4412663149125,9.52513190780339,9.91391280199944,11.5801166342683,0.046875,0.0428929765886287,0.0375,0.0395047169811321,0.0481299212598425,0.0413654618473895,0.0404481132075471,0.0378177966101695,0.0423780487804878,248,299,180,212,254,249,212,236,246
2,55,12001677,11.6078866981394,13.1352402110525,11.2191058039433,10.1638433768398,13.607331296862,10.6637045265204,12.6353790613718,7.38683698972508,9.58067203554568,0.0462389380530973,0.036953125,0.0422594142259414,0.0429577464788732,0.0469348659003831,0.0373540856031128,0.0404804270462633,0.0365384615384615,0.039027149321267,226,320,239,213,261,257,281,182,221
2,56,12001699,12.9130797000833,13.0797000833102,10.8580949736184,9.08081088586504,14.0238822549292,10.8580949736184,10.1083032490975,6.91474590391558,12.1632879755623,0.0474489795918367,0.0358993902439024,0.0394153225806451,0.0380232558139535,0.0436851211072664,0.0383333333333333,0.0399122807017544,0.0353693181818182,0.0381533101045296,245,328,248,215,289,255,228,176,287
2,57,12001701,12.6076089975007,18.3837822826993,6.10941405165232,6.85920577617328,19.8000555401277,8.49763954457095,11.0524854207165,7.72007775617884,8.96973063038045,0.0478902953586498,0.048391812865497,0.0359477124183007,0.0369760479041916,0.0614655172413793,0.0386363636363636,0.043073593073593,0.0406432748538012,0.0391990291262136,237,342,153,167,290,198,231,171,206
2,58,12001734,11.524576506526,14.8847542349347,7.38683698972508,9.52513190780339,13.2185504026659,12.7186892529853,14.2460427658984,7.19244654262705,9.30297139683421,0.0451086956521739,0.0443708609271523,0.0398203592814371,0.041626213592233,0.0431159420289855,0.0428838951310861,0.0473247232472324,0.0394817073170732,0.0378959276018099,230,302,167,206,276,267,271,164,221
2,59,12001880,11.9688975284643,12.1632879755623,10.5526242710358,10.2749236323244,11.5523465703971,12.6076089975007,12.3576784226604,7.80338794779228,10.6914745903916,0.0439795918367347,0.0381533101045296,0.0389344262295082,0.0420454545454545,0.04,0.0403914590747331,0.0401624548736462,0.037972972972973,0.0371621621621621,245,287,244,220,260,281,277,185,259
2,60,12002072,10.0527631213552,17.9950013885032,8.02554845876145,7.91446820327687,15.9955567897806,10.3026936961955,10.3304637600666,7.02582615940017,12.3576784226604,0.0386752136752136,0.0407035175879397,0.03782722513089,0.0389344262295082,0.0463022508038585,0.0378571428571428,0.0418918918918919,0.0349447513812155,0.0401624548736462,234,398,191,183,311,245,222,181,277
2,61,12002083,13.3296306581505,15.7456262149403,8.08108858650375,8.74757011941128,9.74729241877256,11.1080255484588,11.3301860594279,6.97028603165787,14.940294362677,0.0452830188679245,0.0421875,0.038903743315508,0.0382281553398058,0.035670731707317,0.0386100386100386,0.0392307692307692,0.0354519774011299,0.0485559566787003,265,336,187,206,246,259,260,177,277
2,62,12003400,12.3854484865315,13.5240211052485,7.49791724520966,9.10858094973618,13.7184115523466,14.1349625104138,11.1635656762011,9.05304082199389,9.4140516523188,0.0423954372623574,0.0403145695364238,0.0385714285714286,0.0386792452830189,0.0449090909090909,0.0411812297734628,0.041358024691358,0.0399509803921568,0.0392361111111111,263,302,175,212,275,309,243,204,216
2,63,12015087,12.3021382949181,15.5790058317134,7.24798667036934,10.6081643987781,12.468758678145,8.9419605665093,12.7186892529853,7.27575673424049,12.857539572341,0.0463389121338912,0.04125,0.0402777777777778,0.0434090909090909,0.0425189393939394,0.0364253393665158,0.0473140495867768,0.0411949685534591,0.0443486590038314,239,340,162,220,264,221,242,159,261
2,64,12017179,11.3301860594279,14.6625937239656,8.16439877811719,8.16439877811719,13.996112191058,11.8578172729797,11.8578172729797,8.13662871424604,11.8300472091086,0.0488038277511962,0.0404907975460122,0.039945652173913,0.0417613636363636,0.0442105263157894,0.0407442748091603,0.0466157205240174,0.0379533678756477,0.0400375939849624,209,326,184,176,285,262,229,193,266
2,65,12017315,13.9683421271869,13.3296306581505,9.13635101360733,6.77589558455984,15.9122465981672,10.6081643987781,9.44182171618995,8.63648986392669,12.1910580394335,0.0469216417910447,0.0433212996389891,0.0409203980099502,0.0365269461077844,0.0524725274725274,0.0406382978723404,0.0420792079207921,0.0400773195876288,0.0444331983805668,268,277,201,167,273,235,202,194,247
2,66,12017416,14.8847542349347,15.0236045542905,7.30352679811164,10.3582338239378,11.2746459316856,10.3026936961955,12.4965287420161,7.6367675645654,10.7192446542627,0.0446666666666666,0.0432108626198083,0.0359289617486339,0.0420045045045045,0.0407630522088353,0.0368055555555555,0.0439453125,0.0340346534653465,0.0378431372549019,300,313,183,222,249,252,256,202,255
3,1,12000058,13.8572618717023,15.3290752568731,8.46986948069981,9.94168286587059,14.6348236600944,10.3860038878089,8.55317967231325,6.30380449875035,12.5242988058873,0.0479807692307692,0.0410714285714285,0.0375615763546798,0.0426190476190476,0.0442114093959731,0.040301724137931,0.0364928909952607,0.0383445945945946,0.0391493055555555,260,336,203,210,298,232,211,148,288
3,2,12000070,13.3296306581505,12.468758678145,8.63648986392669,10.9136351013607,15.4956956401,10.5526242710358,10.0805331852263,7.69230769230769,10.8303249097473,0.0365853658536585,0.0344325153374233,0.0336580086580086,0.0372159090909091,0.0376010781671158,0.0350553505535055,0.0342452830188679,0.0329761904761905,0.0321782178217821,328,326,231,264,371,271,265,210,303
3,3,12000104,15.6067758955846,12.3299083587892,5.88725354068314,9.830602610386,16.634268258817,11.1635656762011,9.05304082199389,8.63648986392669,10.8303249097473,0.0587866108786611,0.0402173913043478,0.0355704697986577,0.0453846153846154,0.0509353741496598,0.0408536585365853,0.0401477832512315,0.0413563829787234,0.0418454935622317,239,276,149,195,294,246,203,188,233
3,4,12000126,11.4412663149125,18.1338517078589,7.19244654262705,12.4965287420161,8.69202999166898,10.969175229103,8.0533185226326,8.55317967231325,14.4682032768675,0.0466063348416289,0.0456005586592178,0.0399691358024691,0.0442913385826771,0.0409685863874345,0.0416666666666666,0.0369897959183673,0.0375609756097561,0.0427049180327869,221,358,162,254,191,237,196,205,305
3,5,12000182,13.4407109136351,16.5231880033324,6.05387392391003,10.969175229103,15.4679255762288,9.77506248264371,8.13662871424604,6.63704526520411,12.9963898916968,0.047265625,0.0406420765027322,0.0338509316770186,0.0396586345381526,0.041320474777448,0.0368200836820083,0.0362623762376238,0.0364329268292683,0.040625,256,366,161,249,337,239,202,164,288
3,6,12000216,11.9411274645932,17.9950013885032,5.94279366842544,9.85837267425715,13.2740905304082,12.0244376562066,9.66398222715912,6.52596500971952,12.7742293807276,0.0423228346456693,0.0410126582278481,0.0326219512195122,0.040158371040724,0.0407849829351535,0.0400925925925926,0.0370212765957447,0.0345588235294118,0.0409252669039146,254,395,164,221,293,270,235,170,281
3,7,12000238,9.91391280199944,16.4954179394613,7.35906692585393,6.72035545681755,13.0797000833102,13.3018605942794,13.5517911691197,8.46986948069981,11.0802554845876,0.0444029850746268,0.0475961538461538,0.0387426900584795,0.0400662251655629,0.0465415019762846,0.0513948497854077,0.0523605150214592,0.0440751445086705,0.043942731277533,201,312,171,151,253,233,233,173,227
3,8,12000294,11.524576506526,17.6895306859206,6.19272424326576,8.66425992779783,13.6906414884754,11.3579561232991,11.4968064426548,8.91419050263816,10.4693140794224,0.0449134199134199,0.0456303724928366,0.0376689189189189,0.038423645320197,0.0477713178294573,0.0427824267782427,0.0468325791855203,0.0413659793814433,0.0392708333333333,231,349,148,203,258,239,221,194,240
3,9,12000339,11.8578172729797,12.5242988058873,6.7481255206887,8.55317967231325,16.1066370452652,12.1910580394335,12.4132185504027,9.80283254651486,9.80283254651486,0.0399812734082397,0.0362540192926045,0.0343220338983051,0.0363207547169811,0.0434131736526946,0.0354032258064516,0.0410845588235294,0.0361680327868852,0.0348814229249012,267,311,177,212,334,310,272,244,253
3,10,12000362,14.2182727020272,14.745903915579,5.83171341294085,6.77589558455984,20.3276867536795,11.7745070813663,12.663149125243,7.69230769230769,5.97056373229658,0.0433898305084745,0.0413551401869158,0.0332278481012658,0.0365269461077844,0.0571875,0.0477477477477477,0.0447058823529411,0.0412202380952381,0.0325757575757576,295,321,158,167,320,222,255,168,165
3,11,12000373,13.3851707858928,18.3560122188281,6.05387392391003,9.13635101360733,16.1344071091364,9.60844209941683,9.21966120522077,6.24826437100805,11.8578172729797,0.0476284584980237,0.0441844919786096,0.0351612903225806,0.0432894736842105,0.0509649122807017,0.0391402714932126,0.0389671361502347,0.0345092024539877,0.0428714859437751,253,374,155,190,285,221,213,163,249
3,12,12000384,12.4965287420161,15.1902249375174,9.21966120522077,7.5812274368231,14.4959733407387,11.8578172729797,11.1357956123299,7.33129686198278,10.6914745903916,0.0487012987012987,0.0451320132013201,0.0400966183574879,0.0408682634730539,0.0492452830188679,0.0444791666666666,0.0385576923076923,0.0437086092715232,0.043552036199095,231,303,207,167,265,240,260,151,221
3,13,12000463,11.2468758678145,13.1352402110525,7.83115801166343,7.55345737295196,14.6070535962233,11.9966675923355,13.8850319355735,9.55290197167453,10.1638433768398,0.0373616236162361,0.0388980263157894,0.0396067415730337,0.0365591397849462,0.0407120743034055,0.0402985074626865,0.0395569620253164,0.0385650224215247,0.0379668049792531,271,304,178,186,323,268,316,223,241
3,14,12000485,13.4407109136351,15.7178561510691,6.63704526520411,9.4140516523188,10.4693140794224,12.0244376562066,14.7736739794502,8.77534018328242,8.74757011941128,0.0362275449101796,0.0405444126074498,0.0331944444444444,0.0351659751037344,0.0391078838174274,0.0378496503496503,0.043042071197411,0.0360730593607306,0.0315,334,349,180,241,241,286,309,219,250
3,15,12000519,12.8019994445987,15.884476534296,8.02554845876145,7.19244654262705,12.6909191891141,12.4132185504027,10.2193835045821,10.8580949736184,9.91391280199944,0.0426851851851852,0.0398328690807799,0.036489898989899,0.0351902173913043,0.0395328719723183,0.0397686832740213,0.0370967741935484,0.0434444444444444,0.036280487804878,270,359,198,184,289,281,248,225,246
3,16,12000520,13.4407109136351,15.1069147459039,8.02554845876145,9.05304082199389,11.718966953624,10.1360733129686,11.8855873368509,8.33101916134407,12.3021382949181,0.0382911392405063,0.0354166666666666,0.033294930875576,0.0362222222222222,0.0355218855218855,0.0348282442748091,0.0379432624113475,0.0340909090909091,0.0376700680272108,316,384,217,225,297,262,282,220,294
3,17,12000542,13.4407109136351,20.6609275201333,5.3873923910025,9.38628158844765,14.9680644265482,9.16412107747848,11.3301860594279,8.30324909747292,7.33129686198278,0.0391585760517799,0.0418918918918919,0.0306962025316456,0.0387614678899082,0.036917808219178,0.033811475409836,0.0372262773722627,0.0333705357142857,0.0302752293577981,309,444,158,218,365,244,274,224,218
3,18,12000575,11.8022771452374,18.2171618994724,4.80422104970841,7.91446820327687,11.3579561232991,13.996112191058,14.745903915579,8.19216884198834,8.96973063038045,0.0407088122605364,0.0472622478386167,0.0348790322580645,0.0363520408163265,0.0385849056603773,0.0494117647058823,0.042684887459807,0.0400815217391304,0.034508547008547,261,347,124,196,265,255,311,184,234
3,19,12000586,10.969175229103,16.2454873646209,7.10913635101361,8.30324909747292,12.2188281033046,11.913357400722,13.7184115523466,7.44237711746737,12.0799777839489,0.048406862745098,0.0489130434782608,0.0374269005847953,0.0439705882352941,0.0460251046025104,0.0510714285714286,0.0525531914893617,0.0421383647798742,0.041988416988417,204,299,171,170,239,210,235,159,259
3,20,12000597,11.913357400722,14.1905026381561,10.1638433768398,7.83115801166343,15.4123854484865,10.8303249097473,10.0527631213552,9.4140516523188,10.1916134407109,0.0397222222222222,0.0379080118694362,0.0386075949367088,0.0383152173913043,0.0444711538461538,0.0369318181818182,0.037551867219917,0.0380044843049327,0.0376024590163934,270,337,237,184,312,264,241,223,244
3,21,12000610,13.996112191058,13.7739516800889,7.38683698972508,11.1080255484588,12.857539572341,10.1638433768398,11.2468758678145,8.91419050263816,10.5526242710358,0.0381818181818181,0.0344444444444444,0.0348167539267016,0.0389105058365758,0.0363993710691823,0.0310169491525423,0.034556313993174,0.0335774058577406,0.0334507042253521,330,360,191,257,318,295,293,239,284
3,22,12000621,13.9405720633157,15.3846153846154,7.27575673424049,8.66425992779783,13.8572618717023,11.8300472091086,12.7464593168564,8.35878922521522,7.94223826714801,0.0408794788273615,0.040735294117647,0.0387573964497041,0.0376811594202898,0.0437719298245614,0.0400375939849624,0.0385067114093959,0.0348379629629629,0.0366666666666667,307,340,169,207,285,266,298,216,195
3,23,12000643,11.9411274645932,14.1071924465426,7.69230769230769,9.96945292974174,14.1627325742849,11.9688975284643,10.3860038878089,8.1088586503749,11.6356567620106,0.0395220588235294,0.0354748603351955,0.0323598130841121,0.0366326530612245,0.0391104294478527,0.0352124183006536,0.0346296296296296,0.0352657004830918,0.0338996763754045,272,358,214,245,326,306,270,207,309
3,24,12000676,11.0247153568453,14.0238822549292,8.66425992779783,10.2471535684532,12.8853096362122,12.5242988058873,11.0247153568453,8.80311024715357,10.8025548458761,0.0375946969696969,0.0379129129129129,0.0357798165137614,0.0358949416342412,0.0374193548387096,0.0390138408304498,0.0380268199233716,0.0360227272727273,0.033078231292517,264,333,218,257,310,289,261,220,294
3,25,12000698,9.91391280199944,14.1071924465426,8.38655928908637,9.46959178006109,12.5798389336295,13.2463204665371,13.0797000833102,8.74757011941128,10.4693140794224,0.040940366972477,0.0419141914191419,0.0381313131313131,0.0398364485981308,0.0422574626865671,0.0441666666666666,0.0422043010752688,0.0386029411764706,0.0380040322580645,218,303,198,214,268,270,279,204,248
3,26,12000700,9.74729241877256,15.4401555123577,9.21966120522077,9.80283254651486,13.9128019994446,12.7186892529853,10.7470147181339,7.85892807553457,10.5526242710358,0.0411971830985915,0.040406976744186,0.0370535714285714,0.041046511627907,0.042457627118644,0.0403169014084507,0.043,0.0366580310880829,0.0383064516129032,213,344,224,215,295,284,225,193,248
3,27,12000722,12.3021382949181,16.1899472368786,8.27547903360178,12.0799777839489,12.6909191891141,10.7470147181339,10.4693140794224,8.49763954457095,8.74757011941128,0.0360749185667752,0.0394986449864498,0.0338636363636363,0.0392599277978339,0.0393965517241379,0.0362359550561797,0.0352996254681648,0.035091743119266,0.035472972972973,307,369,220,277,290,267,267,218,222
3,28,12000733,13.996112191058,13.7461816162177,7.88669813940572,9.33074146070536,10.6637045265204,12.6909191891141,12.1355179116912,8.69202999166898,10.8580949736184,0.04375,0.0415268456375839,0.0394444444444444,0.0411764705882353,0.0375,0.0437739463601532,0.0447745901639344,0.037085308056872,0.0395748987854251,288,298,180,204,256,261,244,211,247
3,29,12000766,10.9969452929742,14.3015828936407,7.88669813940572,9.91391280199944,13.2185504026659,12.3021382949181,13.3851707858928,9.05304082199389,8.9419605665093,0.0417721518987342,0.0422131147540983,0.0342995169082125,0.0396666666666667,0.0402027027027027,0.0404197080291971,0.0461685823754789,0.0401477832512315,0.0353070175438596,237,305,207,225,296,274,261,203,228
3,30,12000788,10.3026936961955,14.0794223826715,8.49763954457095,5.97056373229658,15.0236045542905,13.2740905304082,13.051930019439,11.524576506526,8.27547903360178,0.0325438596491228,0.0358050847457627,0.0367788461538461,0.0310693641618497,0.0387535816618911,0.0384244372990353,0.0395622895622895,0.0382841328413284,0.0338636363636363,285,354,208,173,349,311,297,271,220
3,31,12000867,12.1632879755623,11.6911968897528,5.66509302971397,11.2746459316856,17.7450708136629,11.6078866981394,9.30297139683421,10.0527631213552,10.4970841432935,0.0413207547169811,0.0354377104377104,0.0329032258064516,0.0419421487603306,0.0446229050279329,0.0365384615384615,0.0377252252252252,0.0370901639344262,0.0357954545454545,265,297,155,242,358,286,222,244,264
3,32,12000889,17.2452096639822,13.1074701471813,5.05415162454874,10.024993057484,11.8855873368509,10.6914745903916,11.8300472091086,11.4412663149125,8.69202999166898,0.047622699386503,0.0409722222222222,0.0347328244274809,0.045125,0.0390510948905109,0.0359141791044776,0.0388686131386861,0.039922480620155,0.035894495412844,326,288,131,200,274,268,274,258,218
3,33,12001004,12.5520688697584,17.7450708136629,6.66481532907526,8.46986948069981,12.1077478478201,11.913357400722,12.9686198278256,8.08108858650375,9.49736184393224,0.0347692307692307,0.0387742718446602,0.0320855614973262,0.032725321888412,0.0358552631578947,0.035989932885906,0.0365987460815047,0.0310897435897436,0.0326335877862595,325,412,187,233,304,298,319,234,262
3,34,12001015,13.7461816162177,16.8008886420439,4.9708414329353,8.33101916134407,15.6623160233269,11.5523465703971,12.4132185504027,8.49763954457095,7.99777839489031,0.0458333333333333,0.0420138888888888,0.0349609375,0.0371287128712871,0.0510869565217391,0.0380952380952381,0.0431467181467181,0.0354166666666667,0.035820895522388,270,360,128,202,276,273,259,216,201
3,35,12001037,12.3299083587892,14.6070535962233,5.19300194390447,10.1638433768398,12.0799777839489,12.9686198278256,11.8578172729797,9.38628158844765,11.4134962510414,0.044578313253012,0.0413522012578616,0.0341240875912409,0.0439903846153846,0.0442073170731707,0.0486458333333333,0.0452330508474576,0.0416256157635468,0.0407738095238095,249,318,137,208,246,240,236,203,252
3,36,12001048,12.3299083587892,16.2177173007498,6.55373507359067,11.1357956123299,8.55317967231325,12.4409886142738,12.7742293807276,9.27520133296307,10.7192446542627,0.0403636363636363,0.0401098901098901,0.0341040462427746,0.0417708333333333,0.0354838709677419,0.0386206896551724,0.0379537953795379,0.038302752293578,0.0362781954887218,275,364,173,240,217,290,303,218,266
3,37,12001060,12.663149125243,18.4948625381838,7.10913635101361,9.99722299361289,9.19189114134963,13.3018605942794,11.8022771452374,9.4140516523188,8.02554845876145,0.0377483443708609,0.0410098522167488,0.0345945945945946,0.0386266094420601,0.0336382113821138,0.039391447368421,0.0372807017543859,0.0373348017621145,0.0326923076923077,302,406,185,233,246,304,285,227,221
3,38,12001082,14.1349625104138,15.1624548736462,4.88753124132186,11.2191058039433,12.7186892529853,10.8858650374896,12.8019994445987,7.55345737295196,10.6359344626493,0.04328231292517,0.0393371757925072,0.0346456692913386,0.0396078431372549,0.0397569444444444,0.039516129032258,0.0410142348754448,0.0363636363636363,0.0369691119691119,294,347,127,255,288,248,281,187,259
3,39,12001105,14.2460427658984,18.2727020272147,7.83115801166343,8.16439877811719,12.8019994445987,9.33074146070536,8.66425992779783,7.60899750069425,13.0797000833102,0.04453125,0.0428385416666666,0.0377005347593583,0.0388888888888889,0.0405809859154929,0.0366812227074235,0.0376811594202898,0.0358638743455497,0.0413157894736842,288,384,187,189,284,229,207,191,285
3,40,12001116,11.1913357400722,13.3018605942794,9.52513190780339,10.3304637600666,16.4954179394613,11.3024159955568,7.88669813940572,7.1646764787559,12.8019994445987,0.0398221343873517,0.0390065146579804,0.0400700934579439,0.0430555555555555,0.0423076923076923,0.0403769841269841,0.0377659574468085,0.0375,0.043655303030303,253,307,214,216,351,252,188,172,264
3,41,12001149,12.8019994445987,16.8564287697862,7.38683698972508,9.55290197167453,11.0247153568453,12.9963898916968,12.7464593168564,7.88669813940572,8.74757011941128,0.0368210862619808,0.0375618811881188,0.0344559585492228,0.0361344537815126,0.0347027972027972,0.0357798165137614,0.0372564935064935,0.0322727272727273,0.0322745901639344,313,404,193,238,286,327,308,220,244
3,42,12001161,14.2738128297695,14.9958344904193,6.60927520133296,10.5526242710358,11.8855873368509,11.4690363787837,14.6070535962233,6.16495417939461,9.44182171618995,0.0382440476190476,0.0382436260623229,0.0316489361702128,0.0368217054263566,0.0359060402684563,0.035603448275862,0.0429738562091503,0.0322674418604651,0.034412955465587,336,353,188,258,298,290,306,172,247
3,43,12001183,14.2738128297695,14.9125242988059,8.1088586503749,9.69175229103027,13.8572618717023,10.580394334907,10.4693140794224,7.99777839489031,10.1083032490975,0.0405362776025236,0.041822429906542,0.0366834170854271,0.0393018018018018,0.0422881355932203,0.0367760617760617,0.0378514056224899,0.0363636363636363,0.0362549800796813,317,321,199,222,295,259,249,198,251
3,44,12001194,14.5237434046098,12.1632879755623,7.55345737295196,9.4140516523188,16.1344071091364,11.0247153568453,11.6356567620106,8.77534018328242,8.77534018328242,0.0441722972972973,0.0377586206896551,0.0404761904761905,0.0388761467889908,0.0468548387096774,0.0392292490118577,0.0387962962962963,0.0367441860465116,0.0379807692307692,296,290,168,218,310,253,270,215,208
3,45,12001251,12.468758678145,16.5509580672036,6.52596500971952,9.21966120522077,14.4959733407387,10.6081643987781,9.60844209941683,9.69175229103027,10.8303249097473,0.0412683823529411,0.0393139841688654,0.0360429447852761,0.0382488479262673,0.0454703832752613,0.0353703703703703,0.0344621513944223,0.0374463519313304,0.0361111111111111,272,379,163,217,287,270,251,233,270
3,46,12001284,12.857539572341,17.8839211330186,5.91502360455429,10.024993057484,16.3010274923632,10.8858650374896,10.1638433768398,6.60927520133296,9.35851152457651,0.0411921708185053,0.04025,0.0318862275449102,0.0368367346938775,0.0430351906158357,0.0358974358974359,0.0386075949367088,0.0341954022988506,0.0341093117408907,281,400,167,245,341,273,237,174,247
3,47,12001431,12.4965287420161,19.3835045820605,5.52624271035823,9.19189114134963,10.9969452929742,9.8861427381283,12.6353790613718,8.63648986392669,11.2468758678145,0.0356012658227848,0.0373661670235546,0.0318910256410257,0.0346234309623431,0.0348591549295774,0.0344961240310077,0.0375412541254125,0.0350225225225225,0.034556313993174,316,467,156,239,284,258,303,222,293
3,48,12001543,16.0233268536518,13.3018605942794,5.74840322132741,13.6351013607331,12.2743682310469,8.46986948069981,11.3579561232991,8.44209941682866,10.7470147181339,0.0413323782234957,0.0349125364431487,0.032753164556962,0.039092356687898,0.0358766233766233,0.0324468085106383,0.0366487455197132,0.0372549019607843,0.034927797833935,349,343,158,314,308,235,279,204,277
3,49,12001554,14.5237434046098,15.2179950013885,8.27547903360178,9.10858094973618,11.7745070813663,12.5242988058873,10.9136351013607,9.46959178006109,8.19216884198834,0.0427287581699346,0.037027027027027,0.0341743119266055,0.0351931330472103,0.0395522388059701,0.0338588588588588,0.0333050847457627,0.034375,0.0339861751152074,306,370,218,233,268,333,295,248,217
3,50,12001576,13.1074701471813,14.9680644265482,6.55373507359067,10.9414051652319,16.439877811719,10.774784782005,11.9688975284643,7.05359622327131,8.19216884198834,0.0455598455598455,0.0419781931464174,0.0343023255813953,0.0426406926406926,0.0485245901639344,0.0371647509578544,0.039760147601476,0.0369186046511628,0.0366915422885572,259,321,172,231,305,261,271,172,201
3,51,12001598,12.857539572341,14.4682032768675,6.44265481810608,7.08136628714246,15.7733962788114,11.8855873368509,14.1071924465426,9.830602610386,7.55345737295196,0.0395051194539249,0.0404503105590062,0.0339181286549708,0.0364285714285714,0.0449367088607595,0.038768115942029,0.0426174496644295,0.0361224489795918,0.0323809523809524,293,322,171,175,316,276,298,245,210
3,52,12001644,14.4959733407387,16.2732574284921,6.80366564843099,9.21966120522077,12.7464593168564,10.9414051652319,12.6076089975007,8.96973063038045,7.91446820327687,0.0439393939393939,0.0438622754491017,0.0352011494252873,0.0430051813471502,0.0433018867924528,0.0389328063241106,0.0425093632958801,0.0370412844036697,0.0352722772277228,297,334,174,193,265,253,267,218,202
3,53,12001655,13.3851707858928,12.4409886142738,4.915301305193,9.16412107747848,17.9950013885032,11.8300472091086,11.7745070813663,9.30297139683421,9.19189114134963,0.0400332225913621,0.0341463414634146,0.0295,0.0336734693877551,0.0473684210526315,0.039010989010989,0.0371929824561403,0.033102766798419,0.0336382113821138,301,328,150,245,342,273,285,253,246
3,54,12001666,11.4134962510414,15.3013051930019,6.08164398778117,9.80283254651486,12.6076089975007,14.2738128297695,12.0244376562066,8.1088586503749,10.3860038878089,0.0384831460674157,0.0383704735376044,0.0327844311377245,0.0397522522522522,0.0370915032679738,0.0395384615384615,0.0392210144927536,0.0354368932038835,0.0350187265917603,267,359,167,222,306,325,276,206,267
3,55,12001677,10.7192446542627,17.384059983338,6.91474590391558,10.8580949736184,15.4123854484865,9.02527075812274,11.5523465703971,7.77561788392113,10.3582338239378,0.0381422924901186,0.0376201923076923,0.0336486486486486,0.0395748987854251,0.0378065395095367,0.0347222222222222,0.0367491166077738,0.0339805825242718,0.0346654275092937,253,416,185,247,367,234,283,206,269
3,56,12001699,11.4690363787837,14.0516523188003,7.69230769230769,7.97000833101916,16.1621771730075,12.6353790613718,11.8855873368509,9.94168286587059,8.19216884198834,0.0409722222222222,0.0364553314121037,0.0360677083333333,0.0377631578947368,0.0414529914529914,0.044260700389105,0.0390510948905109,0.0377637130801687,0.032488986784141,252,347,192,190,351,257,274,237,227
3,57,12001701,11.524576506526,16.7731185781727,8.13662871424604,7.91446820327687,18.9669536239933,8.88642043876701,9.8861427381283,6.72035545681755,11.1913357400722,0.0423469387755102,0.045619335347432,0.0371827411167513,0.0453821656050955,0.0614208633093525,0.0394088669950739,0.0427884615384615,0.0375776397515528,0.0416322314049587,245,331,197,157,278,203,208,161,242
3,58,12001734,10.8303249097473,13.7184115523466,6.72035545681755,8.58094973618439,14.5792835323521,13.4407109136351,13.996112191058,7.35906692585393,10.7470147181339,0.0394736842105263,0.0389589905362776,0.0351744186046512,0.0375,0.0419329073482428,0.0386581469648562,0.042,0.035427807486631,0.036787072243346,247,317,172,206,313,313,300,187,263
3,59,12001880,13.1352402110525,12.2743682310469,4.88753124132186,9.44182171618995,14.8292141071924,13.2740905304082,13.1907803387948,7.77561788392113,11.1913357400722,0.0392857142857143,0.0378424657534246,0.0323529411764706,0.0364806866952789,0.0423809523809523,0.0398333333333333,0.0446428571428571,0.0346534653465346,0.0361111111111111,301,292,136,233,315,300,266,202,279
3,60,12002072,14.1071924465426,15.2457650652597,3.69341849486254,10.6359344626493,14.3293529575118,11.7467370174951,12.3299083587892,8.83088031102472,9.08081088586504,0.0381381381381381,0.0362137203166226,0.0286637931034483,0.036826923076923,0.0367521367521367,0.0346721311475409,0.0367549668874172,0.0319277108433735,0.0312022900763359,333,379,116,260,351,305,302,249,262
3,61,12002083,12.9408497639545,13.9683421271869,5.44293251874479,11.4690363787837,14.0238822549292,10.0805331852263,9.94168286587059,7.88669813940572,14.2182727020272,0.0384488448844884,0.0376497005988023,0.0322368421052632,0.0394083969465649,0.0388461538461538,0.0334870848708487,0.035515873015873,0.0339712918660287,0.0414239482200647,303,334,152,262,325,271,252,209,309
3,62,12003400,13.2463204665371,14.9958344904193,6.41488475423493,10.8025548458761,14.6348236600944,11.4134962510414,10.7192446542627,7.66453762843655,10.0805331852263,0.0393564356435643,0.0379213483146067,0.0331896551724138,0.0360185185185185,0.0445101351351351,0.0376373626373626,0.0362781954887218,0.0361256544502618,0.0364457831325301,303,356,174,270,296,273,266,191,249
3,63,12015087,13.7461816162177,14.6625937239656,6.47042488197723,9.16412107747848,12.857539572341,10.0527631213552,14.8014440433213,7.10913635101361,11.1357956123299,0.0487204724409449,0.0395209580838323,0.0359567901234568,0.0406403940886699,0.0413392857142857,0.0369387755102041,0.0454778156996587,0.0355555555555555,0.0368566176470588,254,334,162,203,280,245,293,180,272
3,64,12017179,12.3576784226604,14.2460427658984,6.30380449875035,9.10858094973618,14.9958344904193,10.9969452929742,14.940294362677,7.55345737295196,9.46959178006109,0.0471398305084746,0.0392201834862385,0.0322443181818182,0.0401960784313725,0.0454545454545454,0.0379310344827586,0.056276150627615,0.0384180790960452,0.0375550660792951,236,327,176,204,297,261,239,177,227
3,65,12017315,14.4404332129964,14.5792835323521,5.41516245487365,9.08081088586504,15.0513746181616,10.024993057484,13.2185504026659,8.33101916134407,9.85837267425715,0.0443686006825938,0.0412735849056603,0.0353260869565217,0.0412878787878788,0.0489169675090252,0.0385683760683761,0.044074074074074,0.038860103626943,0.0377659574468085,293,318,138,198,277,234,270,193,235
3,66,12017416,14.4959733407387,14.1071924465426,8.58094973618439,8.69202999166898,12.3021382949181,10.8858650374896,14.0516523188003,7.83115801166343,9.05304082199389,0.0433554817275747,0.0400630914826498,0.0390151515151515,0.0362268518518518,0.0416353383458646,0.0417021276595744,0.0508032128514056,0.0349009900990099,0.0386255924170616,301,317,198,216,266,235,249,202,211
