Group,Subjects,Time_coverage_1,Time_coverage_2,Time_coverage_3,Time_coverage_4,Time_coverage_5,Time_coverage_6,Time_coverage_7,Time_coverage_8,Time_coverage_9,Duration_1,Duration_2,Duration_3,Duration_4,Duration_5,Duration_6,Duration_7,Duration_8,Duration_9,Occurrence_1,Occurrence_2,Occurrence_3,Occurrence_4,Occurrence_5,Occurrence_6,Occurrence_7,Occurrence_8,Occurrence_9
2,1,7.08038317367763,12.161599333611,17.7426072469804,10.9537692628072,8.82965431070387,9.24614743856726,8.87130362349021,13.2861307788421,11.8284048313203,0.0230352303523035,0.0257495590828924,0.0290983606557377,0.0229493891797557,0.0237136465324385,0.0232704402515723,0.0238255033557047,0.0263201320132013,0.0233169129720854,123,189,244,191,149,159,149,202,203
2,2,6.78883798417326,10.2873802582257,14.4106622240733,10.079133694294,8.37151187005414,9.95418575593503,8.87130362349021,15.6601416076635,15.5768429820908,0.0277210884353742,0.0276286353467562,0.0331417624521073,0.0261904761904762,0.0235915492957747,0.0331944444444445,0.027734375,0.0338738738738739,0.0336936936936937,98,149,174,154,142,120,128,185,185
2,3,5.78925447730112,10.9954185755935,12.7446897126197,10.1207830070804,9.37109537692628,9.12119950020825,9.2877967513536,18.9087880049979,13.6609745939192,0.024910394265233,0.0255813953488372,0.0309090909090909,0.0253125,0.0232919254658385,0.0266423357664234,0.0277363184079602,0.0336296296296296,0.0284722222222222,93,172,165,160,161,137,134,225,192
2,4,9.32944606413994,11.5368596418159,12.0783007080383,8.32986255726781,7.5801749271137,11.3286130778842,9.03790087463557,15.2852977925864,15.4935443565181,0.0261072261072261,0.025936329588015,0.0294715447154472,0.0229885057471265,0.0213615023474179,0.0271457085828343,0.0280361757105943,0.031692573402418,0.0308457711442786,143,178,164,145,142,167,129,193,201
2,5,7.08038317367763,8.41316118284048,14.8271553519367,9.82923781757601,11.3286130778842,8.99625156184923,10.5789254477301,15.2852977925864,13.6609745939192,0.0234159779614325,0.0224444444444445,0.028525641025641,0.0227360308285164,0.0228956228956229,0.0219512195121951,0.0247563352826511,0.0294070512820513,0.0270627062706271,121,150,208,173,198,164,171,208,202
2,6,7.70512286547272,8.57975843398584,12.7030403998334,11.2036651395252,8.87130362349021,10.0374843815077,11.7034568929613,16.0349854227405,13.1611828404831,0.022671568627451,0.0243498817966903,0.0260683760683761,0.0242342342342343,0.0212574850299401,0.0228219696969697,0.0247795414462081,0.0305555555555556,0.0250793650793651,136,141,195,185,167,176,189,210,210
2,7,8.20491461890879,9.57934194085798,13.4527280299875,9.78758850478967,8.57975843398584,11.2453144523115,8.62140774677218,15.9100374843815,14.5772594752187,0.02468671679198,0.0250544662309368,0.0274659863945578,0.0257675438596491,0.0241784037558686,0.0269461077844311,0.0246428571428572,0.0321548821548822,0.0290215588723052,133,153,196,152,142,167,140,198,201
2,8,8.49645980841316,11.4119117034569,13.9941690962099,9.37109537692628,9.16284881299459,8.62140774677218,8.66305705955852,14.993752603082,15.2852977925864,0.0225165562913907,0.0262452107279694,0.0254545454545455,0.0215517241379311,0.0215686274509804,0.0225490196078432,0.0253041362530414,0.0273972602739726,0.025068306010929,151,174,220,174,170,153,137,219,244
2,9,8.32986255726781,8.7463556851312,14.743856726364,10.2040816326531,9.41274468971262,10.7455226988755,9.87088713036235,14.868804664723,13.0362349021241,0.0228310502283105,0.0210843373493976,0.0278301886792453,0.0221920289855073,0.0221568627450981,0.0244318181818182,0.0254838709677419,0.0318181818181818,0.0258250825082508,146,166,212,184,170,176,155,187,202
2,10,8.87130362349021,10.6205747605165,9.41274468971262,8.37151187005414,10.3290295710121,11.911703456893,11.8284048313203,15.8683881715952,12.7863390254061,0.0275193798449613,0.0263975155279503,0.0233954451345756,0.0231034482758621,0.0258333333333334,0.030168776371308,0.0295833333333333,0.038719512195122,0.0273618538324421,129,161,161,145,160,158,160,164,187
2,11,6.66389004581424,9.70428987921699,15.6184922948771,10.9954185755935,9.87088713036235,8.32986255726781,11.4119117034569,12.9945855893378,14.4106622240733,0.0227920227920228,0.020990990990991,0.0271739130434783,0.0221105527638191,0.0227011494252874,0.0236406619385343,0.0281893004115226,0.0268041237113402,0.0269470404984424,117,185,230,199,174,141,162,194,214
2,12,7.49687630154102,8.99625156184923,15.3685964181591,9.87088713036235,9.91253644314869,9.91253644314869,9.78758850478967,15.7850895460225,12.8696376509788,0.0236220472440945,0.0225,0.0274553571428571,0.0243827160493827,0.0249475890985325,0.0298245614035088,0.0257675438596491,0.0325601374570447,0.0287709497206704,127,160,224,162,159,133,152,194,179
2,13,5.8725531028738,9.99583506872137,14.743856726364,11.3286130778842,7.28862973760933,11.6618075801749,11.9533527696793,12.2448979591837,14.9104539775094,0.0211711711711712,0.0235294117647059,0.0276995305164319,0.0249084249084249,0.0216049382716049,0.0260707635009311,0.0257168458781362,0.0275280898876405,0.0288244766505636,111,170,213,182,135,179,186,178,207
2,14,9.03790087463557,8.82965431070387,14.0358184089963,10.9121199500208,11.5368596418159,8.7463556851312,9.82923781757601,16.1599333610995,10.9121199500208,0.0296448087431694,0.0256038647342995,0.0306921675774135,0.0269547325102881,0.0284979423868313,0.02734375,0.0265765765765766,0.0316993464052288,0.0281720430107527,122,138,183,162,162,128,148,204,155
2,15,5.1228654727197,6.91378592253228,12.2448979591837,14.8271553519367,9.32944606413994,10.3706788837984,8.87130362349021,16.7430237401083,15.5351936693045,0.0222826086956522,0.0236467236467237,0.0345070422535212,0.0288025889967638,0.0242424242424243,0.0254601226993865,0.0261029411764706,0.0314553990610329,0.0294628751974724,92,117,142,206,154,163,136,213,211
2,16,7.41357767596835,9.91253644314869,12.036651395252,10.2040816326531,4.20658059142024,15.1187005414411,9.2877967513536,15.8683881715952,15.9100374843815,0.0340996168582376,0.0277389277389278,0.0295501022494888,0.028755868544601,0.0224444444444444,0.0366666666666667,0.031497175141243,0.0362857142857143,0.0340463458110517,87,143,163,142,75,165,118,175,187
2,17,9.99583506872137,10.5789254477301,13.4110787172012,10.3290295710121,9.12119950020825,9.95418575593503,10.8704706372345,12.4531445231154,13.2444814660558,0.027972027972028,0.0262939958592133,0.0280977312390925,0.024750499001996,0.025,0.023995983935743,0.0271875,0.0311458333333333,0.0271794871794872,143,161,191,167,146,166,160,160,195
2,18,7.20533111203665,9.82923781757601,13.6193252811329,10.9954185755935,10.4123281965848,9.70428987921699,12.4947938359017,13.5360266555602,12.161599333611,0.0291245791245791,0.0280952380952381,0.0353896103896104,0.0261904761904762,0.0274122807017544,0.0279376498800959,0.0367647058823529,0.0338541666666667,0.0309978768577495,99,140,154,168,152,139,136,160,157
2,19,8.7463556851312,9.53769262807164,13.1195335276968,7.74677217825906,12.4947938359017,9.12119950020825,12.0783007080383,14.493960849646,12.6613910870471,0.0261194029850746,0.0249455337690632,0.03,0.023134328358209,0.0251256281407035,0.0260714285714286,0.0285996055226825,0.0294416243654822,0.0283054003724395,134,153,175,134,199,140,169,197,179
2,20,7.33027905039567,8.20491461890879,13.8275718450646,11.1620158267389,10.4956268221574,8.70470637234486,10.7871720116618,16.8679716784673,12.6197417742607,0.0242424242424243,0.0248737373737374,0.0314393939393939,0.0264299802761341,0.025,0.0254257907542579,0.0269791666666667,0.03375,0.0283707865168539,121,132,176,169,168,137,160,200,178
2,21,9.57934194085798,8.57975843398584,12.8696376509788,10.2457309454394,10.4123281965848,9.95418575593503,9.20449812578092,14.3273635985006,14.8271553519367,0.0277777777777778,0.0248792270531401,0.0281420765027323,0.025,0.0239463601532567,0.0269144144144144,0.0250566893424036,0.0274322169059011,0.0304273504273504,138,138,183,164,174,148,147,209,195
2,22,10.3290295710121,7.08038317367763,15.6184922948771,9.74593919200333,8.16326530612245,9.53769262807164,10.6622240733028,14.8271553519367,14.0358184089963,0.0250505050505051,0.0223097112860892,0.0275330396475771,0.025,0.0235011990407674,0.0238541666666667,0.0249512670565302,0.028525641025641,0.0278052805280528,165,127,227,156,139,160,171,208,202
2,23,8.07996668054977,10.7038733860891,7.5801749271137,8.78800499791753,8.91295293627655,12.7863390254061,12.3698458975427,15.9516867971678,14.8271553519367,0.0256613756613757,0.0249031007751938,0.0242666666666667,0.0228354978354979,0.0227176220806794,0.031010101010101,0.027808988764045,0.0311382113821138,0.0304273504273504,126,172,125,154,157,165,178,205,195
2,24,7.16368179925031,10.5372761349438,9.41274468971262,9.2877967513536,10.0374843815077,10.3706788837984,12.3698458975427,15.9100374843815,14.9104539775094,0.027831715210356,0.0294871794871795,0.0246187363834423,0.0241341991341991,0.022952380952381,0.026948051948052,0.0282857142857143,0.0284226190476191,0.0288244766505636,103,143,153,154,175,154,175,224,207
2,25,10.079133694294,8.57975843398584,12.9529362765514,10.7871720116618,9.20449812578092,9.57934194085798,11.2036651395252,12.6613910870471,14.9104539775094,0.0247443762781186,0.0238425925925926,0.0250402576489533,0.0245265151515152,0.0214147286821706,0.0228174603174603,0.0237213403880071,0.0244766505636071,0.0261695906432749,163,144,207,176,172,168,189,207,228
2,26,9.32944606413994,9.53769262807164,9.53769262807164,11.8700541441066,10.2040816326531,9.99583506872137,10.8288213244481,15.4102457309454,13.2861307788421,0.0257471264367816,0.0224509803921569,0.0254444444444445,0.0244845360824742,0.0230696798493409,0.0239520958083832,0.0250481695568401,0.0282874617737003,0.0256843800322061,145,170,150,194,177,167,173,218,207
2,27,7.62182423990004,9.16284881299459,11.8700541441066,9.99583506872137,11.7451062057476,9.74593919200333,10.5789254477301,15.2436484798001,14.0358184089963,0.0222627737226277,0.0236559139784946,0.0256756756756757,0.0228571428571429,0.0238578680203046,0.0246835443037975,0.0249019607843137,0.0273542600896861,0.0270032051282051,137,155,185,175,197,158,170,223,208
2,28,6.91378592253228,9.99583506872137,12.2032486463973,11.3702623906706,9.20449812578092,9.74593919200333,12.5780924614744,11.4119117034569,16.5764264889629,0.0230555555555556,0.0220994475138122,0.0297764227642277,0.0239473684210526,0.0240740740740741,0.0254901960784314,0.0282771535580524,0.0268627450980392,0.0269647696476965,120,181,164,190,153,153,178,170,246
2,29,7.83007080383174,10.1624323198667,8.16326530612245,10.3706788837984,8.32986255726781,10.4539775093711,12.9112869637651,16.2848812994586,15.4102457309454,0.0241025641025641,0.0260683760683761,0.0240196078431373,0.0239884393063584,0.0239808153477218,0.0275219298245614,0.0296934865900383,0.0358058608058608,0.0306799336650083,130,156,136,173,139,152,174,182,201
2,30,9.07955018742191,9.95418575593503,13.6609745939192,11.3286130778842,9.07955018742191,9.62099125364431,8.57975843398584,15.6184922948771,13.0362349021241,0.0248858447488585,0.0225047080979285,0.0264090177133656,0.0245045045045045,0.0224279835390947,0.0234756097560976,0.0228888888888889,0.0280269058295964,0.0256978653530378,146,177,207,185,162,164,150,223,203
2,31,7.12203248646397,14.743856726364,9.24614743856726,8.20491461890879,5.45605997501041,14.1607663473553,8.03831736776343,15.2852977925864,17.7426072469804,0.0268867924528302,0.0299492385786802,0.0264285714285714,0.023621103117506,0.0229824561403509,0.0323809523809524,0.0277298850574713,0.0416099773242631,0.0351485148514852,106,197,140,139,95,175,116,147,202
2,32,9.57934194085798,10.4539775093711,13.8275718450646,9.32944606413994,7.70512286547272,10.7038733860891,8.7463556851312,15.2436484798001,14.4106622240733,0.0259009009009009,0.0232407407407408,0.0278056951423786,0.0222222222222222,0.0221822541966427,0.0237962962962963,0.0257352941176471,0.0268722466960352,0.0270735524256651,148,180,199,168,139,180,136,227,213
2,33,9.07955018742191,7.12203248646397,10.0374843815077,11.4952103290296,11.5368596418159,9.24614743856726,11.1203665139525,15.5768429820908,14.743856726364,0.0243847874720358,0.0208029197080292,0.0236274509803922,0.0251366120218579,0.0234348561759729,0.0246666666666667,0.0263313609467456,0.0259722222222222,0.0266968325791855,149,137,170,183,197,150,169,240,221
2,34,7.24698042482299,12.536443148688,9.37109537692628,10.2040816326531,8.57975843398584,8.32986255726781,10.8288213244481,15.5768429820908,17.326114119117,0.0232,0.0233333333333333,0.024671052631579,0.0223132969034609,0.0210633946830266,0.0233100233100233,0.0250481695568401,0.0305555555555556,0.0301449275362319,125,215,152,183,163,143,173,204,230
2,35,5.83090379008746,10.2040816326531,11.2036651395252,10.6205747605165,9.53769262807164,10.7455226988755,8.66305705955852,15.8267388588088,17.3677634319034,0.0233333333333333,0.0232007575757576,0.0246336996336997,0.0242857142857143,0.0219348659003832,0.0255952380952381,0.0235827664399093,0.0285285285285285,0.0275793650793651,100,176,182,175,174,168,147,222,252
2,36,7.49687630154102,7.66347355268638,13.9108704706372,11.7451062057476,9.78758850478967,9.57934194085798,9.03790087463557,15.6601416076635,15.1187005414411,0.0225563909774436,0.0210045662100457,0.0270226537216829,0.0233830845771144,0.0217592592592593,0.0241090146750524,0.0231837606837607,0.0277286135693215,0.0272522522522523,133,146,206,201,180,159,156,226,222
2,37,6.6222407330279,12.3281965847564,15.2436484798001,9.87088713036235,7.53852561432736,10.079133694294,7.41357767596835,16.95127030404,13.9525197834236,0.0203846153846154,0.0265232974910394,0.0300492610837438,0.0219444444444445,0.0218599033816425,0.0241516966067864,0.0208920187793427,0.0311162079510703,0.0254946727549467,130,186,203,180,138,167,142,218,219
2,38,7.7884214910454,8.7463556851312,13.7859225322782,10.8288213244481,10.2457309454394,10.6205747605165,10.1624323198667,15.3269471053728,12.4947938359017,0.0227493917274939,0.021604938271605,0.0281462585034014,0.0240740740740741,0.0220430107526882,0.0244252873563219,0.023921568627451,0.0281345565749236,0.0242718446601942,137,162,196,180,186,174,170,218,206
2,39,7.16368179925031,10.9954185755935,15.2019991670137,10.2040816326531,12.1199500208247,8.12161599333611,8.07996668054977,14.2857142857143,13.7859225322782,0.0233062330623306,0.0240437158469945,0.0315198618307427,0.0243055555555556,0.0238916256157636,0.021523178807947,0.0230952380952381,0.0273524720893142,0.0237787356321839,123,183,193,168,203,151,140,209,232
2,40,7.45522698875469,12.9112869637651,8.45481049562682,9.82923781757601,8.82965431070387,11.4952103290296,9.82923781757601,16.9929196168263,14.2024156601416,0.0220987654320988,0.023168908819133,0.0246958637469586,0.0231372549019608,0.0206627680311891,0.0262857142857143,0.0238383838383838,0.0290598290598291,0.0258333333333333,135,223,137,170,171,175,165,234,220
2,41,8.24656393169513,5.16451478550604,13.9941690962099,11.7034568929613,12.7863390254061,10.3290295710121,4.12328196584756,16.7013744273219,16.95127030404,0.0251908396946565,0.0208754208754209,0.0294736842105263,0.0278769841269841,0.0266493055555556,0.0255144032921811,0.0211538461538462,0.0307987711213518,0.0300147492625369,131,99,190,168,192,162,78,217,226
2,42,8.62140774677218,8.24656393169513,10.7455226988755,11.2036651395252,11.4535610162432,9.82923781757601,10.4956268221574,16.7013744273219,12.7030403998334,0.026953125,0.025984251968504,0.0279220779220779,0.0268463073852296,0.0260416666666667,0.0280952380952381,0.0260869565217391,0.0319776714513557,0.0292145593869732,128,127,154,167,176,140,161,209,174
2,43,7.62182423990004,8.70470637234486,13.6609745939192,10.3706788837984,10.5789254477301,8.70470637234486,11.4952103290296,14.7855060391504,14.0774677217826,0.0231060606060606,0.0232222222222222,0.0273333333333333,0.0242690058479532,0.0237827715355805,0.0241898148148148,0.0267441860465116,0.0292904290429043,0.0256060606060606,132,150,200,171,178,144,172,202,220
2,44,8.28821324448147,10.079133694294,12.3698458975427,11.3702623906706,10.1624323198667,9.4960433152853,9.82923781757601,14.4106622240733,13.9941690962099,0.0242092457420925,0.0245934959349594,0.0271978021978022,0.0258522727272727,0.0228464419475656,0.0248366013071896,0.0244306418219462,0.0266975308641975,0.0274509803921569,137,164,182,176,178,153,161,216,204
2,45,9.2877967513536,8.70470637234486,13.7859225322782,12.2448979591837,8.95460224906289,11.5785089546022,9.87088713036235,9.12119950020825,16.3681799250312,0.0232291666666667,0.0220464135021097,0.0265224358974359,0.025,0.0209551656920078,0.024006908462867,0.0251592356687898,0.0217261904761905,0.0271784232365145,160,158,208,196,171,193,157,168,241
2,46,7.87172011661808,8.78800499791753,12.5780924614744,9.74593919200333,7.41357767596835,12.2032486463973,9.74593919200333,15.5351936693045,16.1182840483132,0.0311881188118812,0.0251190476190476,0.0322649572649573,0.0258278145695364,0.0251412429378531,0.0295959595959596,0.0293233082706767,0.0347299813780261,0.0343085106382979,101,140,156,151,118,165,133,179,188
2,47,8.45481049562682,8.20491461890879,12.3281965847564,9.4960433152853,9.16284881299459,9.2877967513536,10.7871720116618,15.6601416076635,16.6180758017493,0.0231735159817352,0.023792270531401,0.0269581056466302,0.0217142857142857,0.0235042735042735,0.0251126126126126,0.0255424063116371,0.0294209702660407,0.029424778761062,146,138,183,175,156,148,169,213,226
2,48,8.03831736776343,8.78800499791753,13.4943773427738,11.0787172011662,8.57975843398584,10.1624323198667,9.32944606413994,16.826322365681,13.7026239067055,0.0274928774928775,0.0295518207282913,0.0339622641509434,0.0265469061876248,0.0266149870801034,0.0299019607843137,0.0291666666666667,0.0352530541012216,0.0332323232323233,117,119,159,167,129,136,128,191,165
2,49,9.82923781757601,13.2028321532695,7.33027905039567,8.20491461890879,8.28821324448147,10.1624323198667,10.4539775093711,18.8254893794252,13.7026239067055,0.0291358024691358,0.0316367265469062,0.0236559139784946,0.0250636132315522,0.024937343358396,0.0294685990338164,0.0264767932489452,0.0432950191570881,0.033640081799591,135,167,124,131,133,138,158,174,163
2,50,7.16368179925031,5.24781341107872,11.5785089546022,9.87088713036235,11.1203665139525,9.07955018742191,11.9950020824656,17.4094127446897,16.4931278633903,0.0255952380952381,0.0216494845360825,0.0267822736030829,0.0239393939393939,0.0255747126436782,0.0242222222222222,0.0271186440677966,0.029395218002813,0.0290748898678414,112,97,173,165,174,150,177,237,227
2,51,7.45522698875469,9.24614743856726,12.7863390254061,12.536443148688,8.16326530612245,10.5789254477301,10.8704706372345,13.3694294044148,14.993752603082,0.0286858974358974,0.0262411347517731,0.0315843621399177,0.0309670781893004,0.0279202279202279,0.0309002433090025,0.0291946308724832,0.0332298136645963,0.0319148936170213,104,141,162,162,117,137,149,161,188
2,52,5.70595585172845,12.28654727197,16.3681799250312,9.20449812578092,8.41316118284048,9.24614743856726,6.12244897959184,15.7434402332362,16.8679716784673,0.0215408805031447,0.0265765765765766,0.0289823008849558,0.0228778467908903,0.021443736730361,0.0243421052631579,0.0205882352941177,0.0290322580645161,0.0280082987551867,106,185,226,161,157,152,119,217,241
2,53,8.45481049562682,10.0374843815077,11.4952103290296,9.82923781757601,6.0807996668055,13.7442732194919,8.41316118284048,16.6597251145356,15.2852977925864,0.0286723163841808,0.0277011494252874,0.0296774193548387,0.0287104622871046,0.0227414330218069,0.0335365853658537,0.0273712737127371,0.037037037037037,0.0339814814814815,118,145,155,137,107,164,123,180,180
2,54,6.03915035401916,8.28821324448147,13.8275718450646,12.036651395252,9.99583506872137,8.49645980841316,11.6201582673886,14.493960849646,15.2019991670137,0.0244107744107744,0.0242092457420925,0.0292768959435626,0.02521815008726,0.0235294117647059,0.023943661971831,0.0273529411764706,0.0298969072164949,0.0293880837359098,99,137,189,191,170,142,170,194,207
2,55,8.5381091211995,10.5789254477301,15.1187005414411,10.4539775093711,8.87130362349021,11.6201582673886,10.2040816326531,12.411495210329,12.2032486463973,0.0297101449275362,0.0258130081300813,0.0364457831325301,0.0282657657657658,0.0262962962962963,0.0305921052631579,0.0311704834605598,0.0322510822510823,0.0277462121212121,115,164,166,148,135,152,131,154,176
2,56,12.5780924614744,9.62099125364431,11.3702623906706,10.4956268221574,9.66264056643065,10.6205747605165,10.4956268221574,14.493960849646,10.6622240733028,0.0322649572649573,0.0260135135135135,0.0364,0.0269230769230769,0.0251082251082251,0.0305755395683453,0.0311111111111111,0.0300518134715026,0.0278867102396514,156,148,125,156,154,139,135,193,153
2,57,7.5801749271137,11.6201582673886,13.9108704706372,11.6201582673886,8.62140774677218,9.95418575593503,8.45481049562682,12.6197417742607,15.6184922948771,0.0263768115942029,0.0267241379310345,0.0339430894308943,0.0287037037037037,0.0241258741258741,0.028452380952381,0.031039755351682,0.0348275862068966,0.0327225130890052,115,174,164,162,143,140,109,145,191
2,58,6.03915035401916,8.41316118284048,16.6180758017493,11.4535610162432,9.4960433152853,8.87130362349021,7.99666805497709,17.4094127446897,13.6609745939192,0.0239273927392739,0.0230593607305936,0.0329207920792079,0.0250455373406193,0.0262068965517241,0.0248251748251748,0.0242424242424243,0.0319571865443425,0.0292335115864528,101,146,202,183,145,143,132,218,187
2,59,6.6222407330279,13.0362349021241,12.036651395252,9.91253644314869,8.07996668054977,9.70428987921699,10.5789254477301,14.0774677217826,15.9516867971678,0.0230434782608696,0.0296401515151515,0.0295501022494888,0.0264444444444445,0.0224537037037037,0.0267816091954023,0.0271367521367521,0.0298059964726631,0.0319166666666667,115,176,163,150,144,145,156,189,200
2,60,7.45522698875469,8.7463556851312,13.9108704706372,10.7871720116618,8.45481049562682,10.7455226988755,9.91253644314869,15.7017909204498,14.2857142857143,0.0261695906432749,0.0241379310344828,0.0305860805860806,0.0237179487179487,0.0243405275779377,0.0273885350318471,0.0273563218390805,0.0352996254681648,0.0296200345423143,114,145,182,182,139,157,145,178,193
2,61,5.70595585172845,10.7871720116618,11.4535610162432,11.4535610162432,6.53894210745523,13.4527280299875,9.4960433152853,15.1187005414411,15.9933361099542,0.024290780141844,0.0273206751054852,0.0274451097804391,0.0256052141527002,0.0240061162079511,0.0311175337186898,0.026027397260274,0.034375,0.0326530612244898,94,158,167,179,109,173,146,176,196
2,62,7.53852561432736,11.7867555185339,10.8704706372345,10.079133694294,11.911703456893,9.41274468971262,10.7455226988755,15.5768429820908,12.0783007080383,0.026231884057971,0.0253584229390681,0.0273584905660377,0.0245934959349594,0.0237147595356551,0.0276960784313726,0.0245714285714286,0.0284627092846271,0.0255731922398589,115,186,159,164,201,136,175,219,189
2,63,7.66347355268638,9.57934194085798,10.4539775093711,11.2036651395252,9.37109537692628,9.37109537692628,10.3706788837984,18.2423990004165,13.7442732194919,0.0241469816272966,0.0247311827956989,0.0240421455938697,0.0249074074074074,0.0228658536585366,0.0258620689655173,0.0231843575418995,0.0301652892561984,0.0268292682926829,127,155,174,180,164,145,179,242,205
2,64,7.24698042482299,9.07955018742191,12.9945855893378,9.78758850478967,10.079133694294,8.78800499791753,10.2873802582257,15.7017909204498,16.0349854227405,0.0241666666666667,0.0232905982905983,0.0272251308900524,0.0249469214437367,0.0238658777120316,0.0237612612612613,0.0251016260162602,0.0308006535947713,0.0295698924731183,120,156,191,157,169,148,164,204,217
2,65,8.70470637234486,8.78800499791753,15.2436484798001,9.2877967513536,8.28821324448147,10.4539775093711,8.66305705955852,15.6601416076635,14.9104539775094,0.0265903307888041,0.0229847494553377,0.0290476190476191,0.0233752620545074,0.022562358276644,0.0253535353535354,0.0254901960784314,0.0296998420221169,0.0281446540880503,131,153,210,159,147,165,136,211,212
2,66,7.66347355268638,9.03790087463557,10.6622240733028,9.03790087463557,8.95460224906289,12.3281965847564,9.95418575593503,17.201166180758,15.1603498542274,0.0247311827956989,0.0239514348785872,0.0260162601626016,0.0223251028806584,0.0217171717171717,0.0281904761904762,0.0260348583877996,0.0327777777777778,0.0284820031298905,124,151,164,162,165,175,153,210,213
2,67,8.7463556851312,7.24698042482299,9.82923781757601,9.24614743856726,4.99791753436068,13.2861307788421,10.9537692628072,16.826322365681,18.8671386922116,0.0357142857142857,0.0276190476190476,0.0354354354354354,0.0336363636363636,0.0263157894736842,0.0421957671957672,0.0368347338935574,0.0451901565995526,0.0452095808383234,98,105,111,110,76,126,119,149,167
2,68,7.08038317367763,9.16284881299459,10.7038733860891,9.62099125364431,9.95418575593503,11.1203665139525,10.9954185755935,15.1187005414411,16.2432319866722,0.0236111111111111,0.025462962962963,0.0269392033542977,0.0246794871794872,0.0232943469785575,0.0294701986754967,0.0293333333333333,0.0336111111111111,0.0292792792792793,120,144,159,156,171,151,150,180,222
2,69,6.33069554352353,12.8279883381924,16.2015826738859,14.1191170345689,9.16284881299459,6.66389004581424,8.91295293627655,8.20491461890879,17.5760099958351,0.0232415902140673,0.0251633986928105,0.0311698717948718,0.026036866359447,0.0216962524654832,0.0203562340966921,0.0239373601789709,0.0239659367396594,0.0299290780141844,109,204,208,217,169,131,149,137,235
2,70,7.91336942940441,7.7884214910454,11.911703456893,10.0374843815077,8.41316118284048,12.4531445231154,9.57934194085798,16.95127030404,14.9521032902957,0.0231143552311436,0.0221040189125296,0.0288888888888889,0.0221915285451197,0.0221491228070176,0.0236176935229068,0.0236625514403292,0.0301481481481482,0.0267113095238095,137,141,165,181,152,211,162,225,224
2,71,7.37192836318201,9.03790087463557,13.1611828404831,10.7871720116618,9.32944606413994,12.6613910870471,10.0374843815077,13.9108704706372,13.7026239067055,0.0225190839694657,0.0239514348785872,0.0250793650793651,0.0238489871086556,0.0219607843137255,0.0252072968490879,0.0241967871485944,0.0271544715447155,0.0253858024691358,131,151,210,181,170,201,166,205,216
2,72,7.12203248646397,8.91295293627655,14.2857142857143,12.5780924614744,7.12203248646397,10.2457309454394,8.49645980841316,14.2857142857143,16.95127030404,0.0247826086956522,0.0247685185185185,0.0310688405797102,0.0260794473229706,0.0215909090909091,0.0248484848484849,0.0283333333333333,0.0309009009009009,0.0287429378531074,115,144,184,193,132,165,120,185,236
2,73,6.99708454810496,11.4535610162432,13.8692211578509,8.45481049562682,10.4956268221574,9.37109537692628,8.5381091211995,14.7855060391504,16.0349854227405,0.0266666666666667,0.0261904761904762,0.0269417475728155,0.0245169082125604,0.0251497005988024,0.0260416666666667,0.0251225490196079,0.0342003853564547,0.0299844236760125,105,175,206,138,167,144,136,173,214
2,74,8.95460224906289,9.16284881299459,11.6618075801749,10.6205747605165,9.99583506872137,10.7038733860891,7.87172011661808,16.4514785506039,14.5772594752187,0.0261557177615572,0.0224948875255624,0.0282828282828283,0.0234806629834254,0.0227272727272727,0.0232789855072464,0.0217241379310345,0.0277777777777778,0.0268817204301075,137,163,165,181,176,184,145,237,217
2,75,5.33111203665139,9.4960433152853,15.1187005414411,10.9954185755935,9.62099125364431,8.45481049562682,7.16368179925031,16.3681799250312,17.4510620574761,0.0237037037037037,0.0263888888888889,0.0332417582417583,0.0276729559748428,0.0248387096774194,0.023015873015873,0.0249275362318841,0.0329145728643216,0.0310370370370371,90,144,182,159,155,147,115,199,225
2,76,9.2877967513536,10.7871720116618,11.4119117034569,11.7867555185339,9.95418575593503,8.03831736776343,11.0370678883798,15.4518950437318,12.2448979591837,0.0261737089201878,0.0245265151515152,0.0245519713261649,0.0253584229390681,0.0222532588454376,0.0241854636591479,0.0246741154562384,0.0273598820058997,0.0255208333333333,142,176,186,186,179,133,179,226,192
2,77,6.20574760516451,8.95460224906289,12.0783007080383,7.0387338608913,8.99625156184923,13.0362349021241,9.99583506872137,16.7846730528946,16.9096209912536,0.0241100323624596,0.0238888888888889,0.0281007751937985,0.02289972899729,0.0243243243243243,0.0303294573643411,0.0272108843537415,0.0339225589225589,0.0325320512820513,103,150,172,123,148,172,147,198,208
2,78,9.41274468971262,10.7038733860891,13.8692211578509,9.91253644314869,7.28862973760933,11.0370678883798,5.49770928779675,18.7005414410662,13.5776759683465,0.0330409356725146,0.0285555555555556,0.0322674418604651,0.0279342723004695,0.0249287749287749,0.0313238770685579,0.0255813953488372,0.0422787193973635,0.0355119825708061,114,150,172,142,117,141,86,177,153
2,79,7.28862973760933,12.3698458975427,11.9533527696793,12.7030403998334,9.03790087463557,8.03831736776343,10.3290295710121,16.2432319866722,12.036651395252,0.0265151515151515,0.0251269035532995,0.0258558558558559,0.0262027491408935,0.0237938596491228,0.0241854636591479,0.0263269639065818,0.0306603773584906,0.0263205828779599,110,197,185,194,152,133,157,212,183
2,80,7.37192836318201,9.87088713036235,14.2857142857143,9.20449812578092,8.57975843398584,7.28862973760933,11.911703456893,16.0349854227405,15.4518950437318,0.0256521739130435,0.0266891891891892,0.0314102564102564,0.0263095238095238,0.0231981981981982,0.0227864583333333,0.0241962774957699,0.0299844236760125,0.0309166666666667,115,148,182,140,148,128,197,214,200
2,81,7.99666805497709,12.28654727197,13.1195335276968,9.57934194085798,9.91253644314869,9.07955018742191,8.41316118284048,17.4094127446897,12.2032486463973,0.0244274809160305,0.0262923351158645,0.0261194029850746,0.0232323232323233,0.0233333333333333,0.0247165532879819,0.0253132832080201,0.0328616352201258,0.0272811918063315,131,187,201,165,170,147,133,212,179
2,82,9.62099125364431,11.0787172011662,12.3698458975427,8.99625156184923,10.6622240733028,9.70428987921699,10.7038733860891,13.9941690962099,12.8696376509788,0.0267361111111111,0.026078431372549,0.0296407185628743,0.0241610738255034,0.024105461393597,0.0287654320987654,0.026440329218107,0.0301075268817204,0.0272486772486773,144,170,167,149,177,135,162,186,189
2,83,7.62182423990004,9.78758850478967,12.7030403998334,10.5372761349438,10.6205747605165,8.24656393169513,9.70428987921699,16.826322365681,13.9525197834236,0.0279816513761468,0.0238821138211382,0.0282407407407408,0.0263541666666667,0.0244252873563219,0.0232394366197183,0.0262387387387388,0.0291486291486292,0.0273692810457516,109,164,180,160,174,142,148,231,204
2,84,10.079133694294,8.70470637234486,10.9537692628072,10.3706788837984,8.70470637234486,10.6622240733028,11.3702623906706,14.493960849646,14.618908788005,0.0280092592592593,0.0235360360360361,0.02624750499002,0.0248502994011976,0.0229166666666667,0.0253968253968254,0.0248633879781421,0.0281553398058252,0.0282608695652174,144,148,167,167,152,168,183,206,207
2,85,7.66347355268638,10.1207830070804,12.411495210329,8.57975843398584,8.70470637234486,12.411495210329,11.2036651395252,16.4514785506039,12.4531445231154,0.0223844282238443,0.0256329113924051,0.0258680555555556,0.0225877192982456,0.0219077568134172,0.0275925925925926,0.0247697974217311,0.0309076682316119,0.0259548611111111,137,158,192,152,159,180,181,213,192
2,86,6.12244897959184,8.5381091211995,13.1195335276968,10.8288213244481,8.78800499791753,10.2457309454394,7.99666805497709,18.7838400666389,15.5351936693045,0.0263440860215054,0.0230855855855856,0.0294943820224719,0.0262626262626263,0.0225427350427351,0.0254658385093168,0.0253968253968254,0.0337070254110613,0.0289147286821705,93,148,178,165,156,161,126,223,215
2,87,7.12203248646397,8.28821324448147,10.3290295710121,9.82923781757601,7.62182423990004,13.1611828404831,11.3286130778842,17.8259058725531,14.493960849646,0.0229838709677419,0.024937343358396,0.0264957264957265,0.0253763440860215,0.0245967741935484,0.0387254901960784,0.0268244575936884,0.0365811965811966,0.0291457286432161,124,133,156,155,124,136,169,195,199
2,88,7.49687630154102,12.3281965847564,12.7863390254061,9.53769262807164,9.45439400249896,8.45481049562682,8.5381091211995,15.6601416076635,15.7434402332362,0.0256410256410256,0.0271062271062271,0.0332251082251082,0.0240041928721174,0.0240976645435244,0.0250617283950617,0.0258838383838384,0.0328097731239093,0.0301435406698565,117,182,154,159,157,135,132,191,209
2,89,7.91336942940441,9.82923781757601,10.3706788837984,10.8288213244481,8.7463556851312,13.3694294044148,11.5368596418159,13.1195335276968,14.2857142857143,0.0247395833333333,0.0239837398373984,0.0251515151515152,0.0261044176706827,0.0265151515151515,0.0312865497076024,0.0268410852713178,0.02734375,0.0293162393162393,128,164,165,166,132,171,172,192,195
2,90,8.24656393169513,9.4960433152853,12.9112869637651,12.0783007080383,7.74677217825906,10.3706788837984,11.3702623906706,12.7030403998334,15.0770512286547,0.0244444444444445,0.0245161290322581,0.0300387596899225,0.0287698412698413,0.0254098360655738,0.0280405405405406,0.0274096385542169,0.0306224899598394,0.0327898550724638,135,155,172,168,122,148,166,166,184
2,91,8.28821324448147,9.66264056643065,10.5372761349438,9.74593919200333,9.12119950020825,10.1207830070804,12.2448979591837,13.7442732194919,16.5347771761766,0.0271857923497268,0.0251082251082251,0.0255555555555556,0.0246835443037975,0.0241721854304636,0.0268211920529801,0.0281609195402299,0.0289473684210526,0.0300757575757576,122,154,165,158,151,151,174,190,220
2,92,8.24656393169513,9.70428987921699,11.5785089546022,10.4123281965848,11.5785089546022,8.49645980841316,11.4952103290296,14.5356101624323,13.9108704706372,0.0237410071942446,0.0216945996275605,0.026937984496124,0.0232774674115456,0.0230514096185738,0.0236111111111111,0.0261363636363636,0.026929012345679,0.0267628205128205,139,179,172,179,201,144,176,216,208
2,93,7.20533111203665,7.33027905039567,15.5351936693045,10.8288213244481,8.07996668054977,9.57934194085798,10.0374843815077,15.3685964181591,16.0349854227405,0.025072463768116,0.0218905472636816,0.0285168195718655,0.0251937984496124,0.0236009732360097,0.0275779376498801,0.0252620545073375,0.0318652849740933,0.0320833333333333,115,134,218,172,137,139,159,193,200
2,94,7.99666805497709,10.2873802582257,11.7034568929613,10.4539775093711,11.1620158267389,8.41316118284048,9.91253644314869,16.3681799250312,13.6609745939192,0.0258064516129032,0.0278153153153153,0.0296413502109705,0.0252008032128514,0.0274028629856851,0.0275956284153006,0.0291666666666667,0.0350267379679144,0.0310606060606061,124,148,158,166,163,122,136,187,176
2,95,7.66347355268638,10.0374843815077,7.28862973760933,10.9954185755935,10.1207830070804,11.6618075801749,11.0370678883798,16.4098292378176,14.7855060391504,0.0239583333333333,0.02243947858473,0.0229658792650919,0.0240437158469945,0.0232758620689655,0.0272904483430799,0.0277777777777778,0.0309748427672956,0.0287216828478964,128,179,127,183,174,171,159,212,206
2,96,7.08038317367763,10.9954185755935,12.28654727197,11.2869637650979,9.57934194085798,8.7463556851312,10.1624323198667,15.6184922948771,14.2440649729279,0.0246376811594203,0.0268292682926829,0.0303497942386831,0.0265686274509804,0.0238095238095238,0.0236486486486487,0.0278538812785388,0.0318877551020408,0.0292307692307692,115,164,162,170,161,148,146,196,195
2,97,5.66430653894211,10.9537692628072,13.7859225322782,9.91253644314869,10.0374843815077,10.1624323198667,7.91336942940441,16.2432319866722,15.3269471053728,0.0273092369477912,0.0280982905982906,0.0328373015873016,0.0271689497716895,0.0271396396396397,0.0282407407407408,0.0249343832020997,0.0328282828282828,0.0329749103942652,83,156,168,146,148,144,127,198,186
2,98,7.24698042482299,11.3286130778842,12.7863390254061,11.4119117034569,9.87088713036235,10.079133694294,9.62099125364431,12.28654727197,15.3685964181591,0.0233870967741936,0.0271457085828343,0.031010101010101,0.0268627450980392,0.0248427672955975,0.0265350877192983,0.0267361111111111,0.0277777777777778,0.03203125,124,167,165,170,159,152,144,177,192
2,99,7.99666805497709,7.7884214910454,14.618908788005,8.78800499791753,8.57975843398584,11.0787172011662,9.32944606413994,15.9100374843815,15.9100374843815,0.0253968253968254,0.0247354497354497,0.030952380952381,0.0234444444444445,0.022008547008547,0.0301587301587302,0.0259259259259259,0.0323181049069374,0.0324829931972789,126,126,189,150,156,147,144,197,196
2,100,9.87088713036235,9.99583506872137,10.9954185755935,9.45439400249896,10.4123281965848,8.62140774677218,11.5368596418159,15.6601416076635,13.4110787172012,0.0253205128205128,0.0228571428571429,0.0245810055865922,0.0255630630630631,0.0220458553791887,0.0225490196078432,0.0269980506822612,0.0282282282282282,0.0265676567656766,156,175,179,148,189,153,171,222,202
3,1,8.03831736776343,10.9954185755935,16.9929196168263,8.87130362349021,7.83007080383174,10.9537692628072,8.57975843398584,13.6193252811329,14.1191170345689,0.0229761904761905,0.025,0.0291845493562232,0.0216463414634146,0.0217592592592593,0.0230701754385965,0.0262086513994911,0.0309659090909091,0.0274271844660194,140,176,233,164,144,190,131,176,206
3,2,7.37192836318201,8.03831736776343,10.2873802582257,5.62265722615577,10.1624323198667,9.53769262807164,14.2024156601416,20.2415660141608,14.5356101624323,0.0301020408163265,0.0277298850574713,0.030952380952381,0.0267857142857143,0.0301234567901235,0.0320728291316527,0.0355208333333333,0.0485029940119761,0.0375268817204301,98,116,133,84,135,119,160,167,155
3,3,5.74760516451479,12.1199500208247,14.5772594752187,10.5372761349438,6.78883798417326,10.079133694294,9.95418575593503,14.3273635985006,15.8683881715952,0.0267441860465116,0.0292168674698795,0.0325884543761639,0.0249506903353057,0.0232193732193732,0.027816091954023,0.0301767676767677,0.0341269841269841,0.031592039800995,86,166,179,169,117,145,132,168,201
3,4,9.53769262807164,6.87213660974594,12.9529362765514,9.24614743856726,9.99583506872137,9.74593919200333,10.3290295710121,14.868804664723,16.4514785506039,0.0291348600508906,0.0227272727272727,0.0292843691148776,0.0268115942028986,0.0253164556962025,0.0246835443037975,0.0289044289044289,0.0308290155440415,0.0327529021558872,131,121,177,138,158,158,143,193,201
3,5,6.99708454810496,7.20533111203665,13.4943773427738,11.7451062057476,10.4539775093711,10.3290295710121,13.2861307788421,11.6618075801749,14.7855060391504,0.0266666666666667,0.023252688172043,0.028421052631579,0.0251336898395722,0.0252008032128514,0.0256728778467909,0.0287387387387387,0.0260707635009311,0.0279088050314465,105,124,190,187,166,161,185,179,212
3,6,8.66305705955852,9.99583506872137,16.6597251145356,9.78758850478967,6.28904623073719,10.2873802582257,11.7451062057476,13.2444814660558,13.2861307788421,0.0320987654320988,0.0239520958083832,0.0314465408805032,0.0241769547325103,0.0211484593837535,0.0265591397849463,0.0284848484848485,0.0308139534883721,0.0275474956822107,108,167,212,162,119,155,165,172,193
3,7,9.91253644314869,9.41274468971262,9.78758850478967,10.0374843815077,8.7463556851312,12.3281965847564,9.53769262807164,15.0770512286547,15.1603498542274,0.0327823691460055,0.0274939172749392,0.0271990740740741,0.0257478632478633,0.0246478873239437,0.0302658486707567,0.031029810298103,0.036127744510978,0.0329710144927536,121,137,144,156,142,163,123,167,184
3,8,10.2457309454394,9.03790087463557,10.9121199500208,10.7038733860891,9.53769262807164,10.4956268221574,8.99625156184923,14.2024156601416,15.8683881715952,0.0286713286713287,0.0246031746031746,0.0281720430107527,0.0258032128514056,0.0257882882882883,0.0285714285714286,0.0297520661157025,0.0322916666666667,0.0302380952380952,143,147,155,166,148,147,121,176,210
3,9,9.45439400249896,7.16368179925031,16.2015826738859,13.6609745939192,9.03790087463557,8.78800499791753,8.32986255726781,14.1191170345689,13.2444814660558,0.0253914988814318,0.0206235011990408,0.0288148148148148,0.0240822320117474,0.022463768115942,0.0237612612612613,0.0248756218905473,0.0303763440860215,0.0254807692307692,149,139,225,227,161,148,134,186,208
3,10,10.9954185755935,8.45481049562682,10.1207830070804,8.78800499791753,7.66347355268638,13.1611828404831,10.7455226988755,15.4518950437318,14.618908788005,0.0269938650306749,0.0243405275779377,0.027,0.0232891832229581,0.0223844282238443,0.0302681992337165,0.0272151898734177,0.0328900709219858,0.0312834224598931,163,139,150,151,137,174,158,188,187
3,11,9.37109537692628,8.07996668054977,12.9112869637651,9.2877967513536,8.82965431070387,7.41357767596835,14.0358184089963,13.0778842149105,16.9929196168263,0.0264084507042254,0.0214128035320088,0.0283882783882784,0.0214836223506744,0.0227956989247312,0.0233595800524934,0.0295614035087719,0.0272569444444445,0.0313364055299539,142,151,182,173,155,127,190,192,217
3,12,9.2877967513536,10.6622240733028,14.493960849646,8.91295293627655,8.37151187005414,10.8288213244481,11.6201582673886,13.0778842149105,12.7446897126197,0.0275308641975309,0.0250980392156863,0.0315217391304348,0.0227176220806794,0.0239285714285714,0.0285087719298246,0.0301948051948052,0.0311507936507937,0.0289772727272727,135,170,184,157,140,152,154,168,176
3,13,8.37151187005414,10.079133694294,12.161599333611,12.6197417742607,8.7463556851312,10.8288213244481,10.4539775093711,10.079133694294,16.6597251145356,0.0272357723577236,0.0245934959349594,0.0278095238095238,0.0272972972972973,0.028,0.0288888888888889,0.0326822916666667,0.0284037558685446,0.033167495854063,123,164,175,185,125,150,128,142,201
3,14,10.5372761349438,6.37234485630987,13.9525197834236,9.87088713036235,10.1207830070804,10.7871720116618,9.87088713036235,16.7013744273219,11.7867555185339,0.0260288065843622,0.023394495412844,0.0293859649122807,0.025483870967742,0.0236842105263158,0.0264826175869121,0.0272413793103448,0.0295722713864307,0.0263500931098697,162,109,190,155,171,163,145,226,179
3,15,6.66389004581424,11.911703456893,15.1187005414411,11.4535610162432,8.87130362349021,9.41274468971262,7.53852561432736,13.5776759683465,15.4518950437318,0.0256410256410256,0.0270833333333333,0.0351744186046512,0.0260416666666667,0.023202614379085,0.0267139479905437,0.0271771771771772,0.0319607843137255,0.0290297339593114,104,176,172,176,153,141,111,170,213
3,16,9.57934194085798,6.33069554352353,13.6609745939192,10.079133694294,10.2457309454394,10.1207830070804,10.7038733860891,16.7430237401083,12.536443148688,0.0299479166666667,0.0250825082508251,0.0319688109161793,0.0265350877192983,0.02751677852349,0.0279310344827586,0.0314950980392157,0.038728323699422,0.0315513626834382,128,101,171,152,149,145,136,173,159
3,17,10.2873802582257,6.58059142024157,7.66347355268638,9.87088713036235,8.57975843398584,16.3265306122449,10.1624323198667,13.9525197834236,16.5764264889629,0.0392063492063492,0.0258169934640523,0.0269005847953216,0.027054794520548,0.0268229166666667,0.0353153153153153,0.0271111111111111,0.035337552742616,0.0360507246376812,105,102,114,146,128,185,150,158,184
3,18,8.24656393169513,8.5381091211995,10.6205747605165,11.7034568929613,9.53769262807164,11.4119117034569,9.99583506872137,16.0766347355269,13.8692211578509,0.0311320754716981,0.0266927083333333,0.031021897810219,0.0285569105691057,0.0293589743589744,0.0328537170263789,0.0363636363636364,0.0402083333333334,0.035126582278481,106,128,137,164,130,139,110,160,158
3,19,8.41316118284048,10.3290295710121,11.2869637650979,9.95418575593503,8.45481049562682,13.1611828404831,11.4535610162432,13.4110787172012,13.5360266555602,0.0285310734463277,0.0263269639065817,0.0309360730593607,0.0274712643678161,0.0258269720101781,0.0329166666666667,0.0307606263982103,0.0329243353783231,0.0300925925925926,118,157,146,145,131,160,149,163,180
3,20,9.2877967513536,6.45564348188255,12.9112869637651,8.62140774677218,12.4947938359017,12.411495210329,11.3286130778842,14.6605581007913,11.8284048313203,0.0302168021680217,0.0271929824561404,0.0313131313131313,0.0246428571428572,0.0318471337579618,0.0349765258215963,0.0335802469135803,0.0349206349206349,0.0309368191721133,123,95,165,140,157,142,135,168,153
3,21,12.5780924614744,7.37192836318201,11.8284048313203,10.1207830070804,9.37109537692628,9.95418575593503,9.16284881299459,14.1191170345689,15.4518950437318,0.0331140350877193,0.0258771929824562,0.029957805907173,0.0253125,0.0267857142857143,0.0301767676767677,0.0291005291005291,0.0315642458100559,0.0332437275985663,152,114,158,160,140,132,126,179,186
3,22,8.28821324448147,8.45481049562682,14.7855060391504,10.9537692628072,9.07955018742191,10.2457309454394,10.6622240733028,13.2028321532695,14.3273635985006,0.0255128205128205,0.0254385964912281,0.0287216828478965,0.0259368836291913,0.0240618101545254,0.0262820512820513,0.0280701754385965,0.0318273092369478,0.028956228956229,130,133,206,169,151,156,152,166,198
3,23,7.33027905039567,10.1624323198667,11.1203665139525,9.16284881299459,8.87130362349021,14.4523115368596,9.57934194085798,15.0354019158684,14.2857142857143,0.0242424242424243,0.0246464646464647,0.0268072289156627,0.0244444444444445,0.0262962962962963,0.0340196078431373,0.0309139784946237,0.0341856060606061,0.0310688405797102,121,165,166,150,135,170,124,176,184
3,24,9.07955018742191,10.079133694294,10.3706788837984,10.2873802582257,9.37109537692628,11.7867555185339,10.9537692628072,14.493960849646,13.5776759683465,0.0302777777777778,0.0272522522522523,0.0278523489932886,0.0257291666666667,0.0264084507042254,0.0302350427350427,0.0315347721822542,0.0325842696629214,0.0312260536398467,120,148,149,160,142,156,139,178,174
3,25,10.8288213244481,8.70470637234486,11.2453144523115,11.911703456893,7.99666805497709,10.1624323198667,12.7446897126197,12.4947938359017,13.9108704706372,0.024482109227872,0.0235360360360361,0.0254237288135593,0.0246977547495682,0.0210526315789474,0.0232380952380953,0.0241706161137441,0.0247524752475248,0.0245227606461087,177,148,177,193,152,175,211,202,227
3,26,11.5368596418159,7.37192836318201,11.2453144523115,12.036651395252,7.87172011661808,11.4119117034569,10.7038733860891,13.6609745939192,14.1607663473553,0.0322843822843823,0.0239837398373984,0.0272727272727273,0.0247008547008547,0.0244186046511628,0.0275100401606426,0.0297453703703704,0.0307116104868914,0.0318352059925094,143,123,165,195,129,166,144,178,178
3,27,10.1207830070804,10.2040816326531,10.8288213244481,10.4956268221574,9.53769262807164,10.9537692628072,10.9537692628072,12.28654727197,14.618908788005,0.0287234042553192,0.0240196078431373,0.0267489711934157,0.0242774566473989,0.0240041928721174,0.0265656565656566,0.0277426160337553,0.0284200385356455,0.0286764705882353,141,170,162,173,159,165,158,173,204
3,28,6.45564348188255,8.45481049562682,13.6609745939192,10.0374843815077,9.12119950020825,10.7038733860891,11.5785089546022,14.7022074135777,15.2852977925864,0.0253267973856209,0.0246958637469586,0.0295495495495496,0.025583864118896,0.0278625954198473,0.027457264957265,0.0279116465863454,0.0358739837398374,0.0298373983739838,102,137,185,157,131,156,166,164,205
3,29,8.28821324448147,9.95418575593503,5.66430653894211,11.1620158267389,8.95460224906289,11.2036651395252,11.6201582673886,16.6597251145356,16.4931278633903,0.0283475783475784,0.0263796909492274,0.0236111111111111,0.0253787878787879,0.0259661835748792,0.0315727699530517,0.036328125,0.0385356454720617,0.0364640883977901,117,151,96,176,138,142,128,173,181
3,30,8.62140774677218,8.70470637234486,13.0362349021241,10.6622240733028,9.07955018742191,10.9121199500208,10.7038733860891,15.3685964181591,12.9112869637651,0.0239583333333333,0.0226190476190476,0.0260833333333333,0.0248062015503876,0.0217564870259481,0.023992673992674,0.0244761904761905,0.0280821917808219,0.025963149078727,144,154,200,172,167,182,175,219,199
3,31,10.3706788837984,9.32944606413994,11.2869637650979,8.49645980841316,8.03831736776343,11.911703456893,9.32944606413994,18.5339441899209,12.7030403998334,0.0334677419354839,0.0274509803921569,0.0280538302277433,0.0259541984732825,0.0265840220385675,0.029979035639413,0.0313725490196079,0.0436274509803922,0.0300788954635109,124,136,161,131,121,159,119,170,169
3,32,7.20533111203665,9.12119950020825,14.5356101624323,12.036651395252,7.91336942940441,11.7034568929613,10.2457309454394,13.2861307788421,13.9108704706372,0.025975975975976,0.0235483870967742,0.0290833333333333,0.0249568221070812,0.0219907407407408,0.0275490196078431,0.026797385620915,0.0314595660749507,0.0285470085470086,111,155,200,193,144,170,153,169,195
3,33,7.49687630154102,7.20533111203665,10.9954185755935,10.6622240733028,9.53769262807164,9.20449812578092,13.2861307788421,15.2436484798001,16.3265306122449,0.0211267605633803,0.021358024691358,0.0260355029585799,0.0226950354609929,0.022991967871486,0.0228778467908903,0.0278359511343805,0.0260683760683761,0.0286549707602339,142,135,169,188,166,161,191,234,228
3,34,8.16326530612245,10.9954185755935,13.1195335276968,9.16284881299459,10.1207830070804,8.66305705955852,9.41274468971262,15.8267388588088,14.5356101624323,0.0259259259259259,0.0243093922651934,0.0261194029850746,0.0215686274509804,0.0216577540106952,0.0235827664399093,0.0244588744588745,0.0294573643410853,0.0255116959064328,126,181,201,170,187,147,154,215,228
3,35,9.66264056643065,8.82965431070387,9.70428987921699,10.079133694294,10.4123281965848,10.1207830070804,10.3290295710121,13.5776759683465,17.2428154935444,0.0266666666666667,0.0245370370370371,0.0308201058201058,0.0237254901960784,0.0262054507337526,0.0275510204081633,0.0273730684326711,0.0314065510597303,0.032093023255814,145,144,126,170,159,147,151,173,215
3,36,8.45481049562682,7.91336942940441,12.4531445231154,11.3286130778842,8.70470637234486,10.079133694294,11.8700541441066,13.9108704706372,15.2852977925864,0.0262273901808786,0.0215419501133787,0.0267921146953405,0.0245045045045045,0.0221868365180467,0.0265350877192983,0.0254010695187166,0.0274220032840723,0.029549114331723,129,147,186,185,157,152,187,203,207
3,37,10.079133694294,12.036651395252,10.7871720116618,8.87130362349021,7.70512286547272,12.28654727197,9.82923781757601,15.1603498542274,13.2444814660558,0.0325268817204301,0.0280038759689923,0.0278494623655914,0.0261029411764706,0.0252732240437159,0.0294411177644711,0.0309711286089239,0.0383966244725739,0.030635838150289,124,172,155,136,122,167,127,158,173
3,38,6.66389004581424,9.07955018742191,15.1603498542274,10.4123281965848,10.0374843815077,10.1624323198667,10.7038733860891,13.1195335276968,14.5772594752187,0.0233918128654971,0.0228511530398323,0.0303333333333333,0.0226449275362319,0.0228219696969697,0.0243512974051896,0.0249031007751938,0.0303468208092486,0.025035765379113,114,159,200,184,176,167,172,173,233
3,39,7.49687630154102,9.03790087463557,12.3698458975427,11.7034568929613,9.91253644314869,9.53769262807164,9.66264056643065,15.6601416076635,14.618908788005,0.0265486725663717,0.0239514348785872,0.0273480662983426,0.023534338358459,0.023062015503876,0.023559670781893,0.0254385964912281,0.0291472868217054,0.0274647887323944,113,151,181,199,172,162,152,215,213
3,40,7.99666805497709,7.83007080383174,10.4539775093711,11.3702623906706,7.49687630154102,12.8696376509788,11.6201582673886,14.4523115368596,15.9100374843815,0.0235294117647059,0.0217592592592593,0.0259834368530021,0.0263005780346821,0.0217391304347826,0.0271052631578947,0.0267241379310345,0.0289166666666667,0.0309061488673139,136,144,161,173,138,190,174,200,206
3,41,7.20533111203665,9.37109537692628,14.9104539775094,9.07955018742191,13.4943773427738,9.91253644314869,8.5381091211995,14.2857142857143,13.2028321532695,0.0221794871794872,0.024671052631579,0.0305982905982906,0.0247165532879819,0.0263414634146342,0.0255913978494624,0.0238927738927739,0.0273524720893142,0.0276614310645724,130,152,195,147,205,155,143,209,191
3,42,9.16284881299459,6.99708454810496,11.4535610162432,11.2453144523115,10.4956268221574,10.1207830070804,12.3281965847564,14.7022074135777,13.4943773427738,0.027363184079602,0.023728813559322,0.0293803418803419,0.0243243243243243,0.0257668711656442,0.0253125,0.0263814616755793,0.0300170068027211,0.0262135922330097,134,118,156,185,163,160,187,196,206
3,43,7.53852561432736,9.16284881299459,13.8275718450646,8.87130362349021,9.4960433152853,9.82923781757601,11.0787172011662,14.743856726364,15.3685964181591,0.0251388888888889,0.0229166666666667,0.0304029304029304,0.0226114649681529,0.0245161290322581,0.0282973621103118,0.0254789272030651,0.0322404371584699,0.0305970149253731,120,160,182,157,155,139,174,183,201
3,44,9.57934194085798,8.78800499791753,11.3286130778842,10.3706788837984,9.32944606413994,10.9537692628072,9.82923781757601,15.5351936693045,14.2857142857143,0.0266203703703704,0.0240867579908676,0.0254681647940075,0.0231843575418995,0.0231884057971015,0.0264056224899599,0.0260485651214128,0.0320446735395189,0.0259848484848485,144,146,178,179,161,166,151,194,220
3,45,6.91378592253228,8.28821324448147,16.7013744273219,11.0370678883798,6.49729279466889,12.8696376509788,7.62182423990004,13.7442732194919,16.3265306122449,0.0256172839506173,0.0219646799116998,0.0316745655608215,0.0249529190207156,0.0228070175438597,0.026010101010101,0.0254166666666667,0.0316091954022989,0.0281609195402299,108,151,211,177,114,198,120,174,232
3,46,8.41316118284048,7.37192836318201,11.4952103290296,8.82965431070387,9.95418575593503,10.8288213244481,10.4539775093711,18.0758017492711,14.5772594752187,0.0311728395061729,0.0313829787234043,0.0365079365079365,0.0292011019283747,0.0290754257907543,0.0328282828282828,0.0312189054726368,0.0413333333333333,0.0378787878787879,108,94,126,121,137,132,134,175,154
3,47,9.03790087463557,7.91336942940441,12.0783007080383,8.78800499791753,10.4539775093711,10.4123281965848,10.1624323198667,17.5760099958351,13.5360266555602,0.0276081424936387,0.0238095238095238,0.0284313725490196,0.0249408983451537,0.0247534516765286,0.0262054507337526,0.026236559139785,0.0382246376811594,0.0270833333333333,131,133,170,141,169,159,155,184,200
3,48,8.99625156184923,7.5801749271137,10.7455226988755,11.7451062057476,7.0387338608913,11.3702623906706,11.0370678883798,16.2015826738859,15.2852977925864,0.0279069767441861,0.0242666666666667,0.0311594202898551,0.0305194805194805,0.0240740740740741,0.0315972222222222,0.0322384428223844,0.0346702317290553,0.0368473895582329,129,125,138,154,117,144,137,187,166
3,49,13.3694294044148,5.74760516451479,6.78883798417326,5.91420241566014,6.70553935860058,17.201166180758,9.53769262807164,22.7405247813411,11.9950020824656,0.0428,0.0270588235294118,0.0268976897689769,0.0249122807017544,0.0315686274509804,0.0517543859649123,0.0356697819314642,0.0561728395061728,0.0377952755905512,125,85,101,95,85,133,107,162,127
3,50,7.66347355268638,7.91336942940441,9.12119950020825,10.079133694294,9.2877967513536,11.3286130778842,12.9945855893378,16.4098292378176,15.2019991670137,0.0316151202749141,0.0251322751322751,0.0282945736434109,0.0282051282051282,0.0302168021680217,0.0308390022675737,0.0358620689655172,0.038401559454191,0.0316840277777778,97,126,129,143,123,147,145,171,192
3,51,9.24614743856726,8.87130362349021,11.4119117034569,10.1624323198667,9.62099125364431,8.95460224906289,11.911703456893,14.369012911287,15.4518950437318,0.0342592592592593,0.0246527777777778,0.0308558558558559,0.0284382284382285,0.0285185185185185,0.0306267806267806,0.0347931873479319,0.0373376623376623,0.0368055555555556,108,144,148,143,135,117,137,154,168
3,52,7.83007080383174,8.91295293627655,11.3702623906706,9.99583506872137,8.37151187005414,10.4539775093711,10.4539775093711,15.5768429820908,17.0345689296127,0.030718954248366,0.0264197530864198,0.0277439024390244,0.0242424242424243,0.0241007194244604,0.0290509259259259,0.0309876543209877,0.0350187265917603,0.0366487455197133,102,135,164,165,139,144,135,178,186
3,53,9.53769262807164,8.5381091211995,11.0787172011662,9.87088713036235,9.99583506872137,11.9950020824656,10.3706788837984,15.2852977925864,13.3277800916285,0.0278588807785888,0.0264857881136951,0.0297539149888143,0.0278169014084507,0.0310077519379845,0.0315789473684211,0.0288194444444445,0.0359803921568628,0.0339702760084926,137,129,149,142,129,152,144,170,157
3,54,6.95543523531862,10.2457309454394,9.78758850478967,10.7871720116618,9.95418575593503,8.07996668054977,14.7855060391504,12.0783007080383,17.326114119117,0.0296099290780142,0.0310606060606061,0.0283816425120773,0.0291666666666667,0.0306410256410256,0.0283625730994152,0.0419621749408984,0.0333333333333333,0.035016835016835,94,132,138,148,130,114,141,145,198
3,55,8.87130362349021,8.95460224906289,13.2028321532695,9.70428987921699,10.8288213244481,10.079133694294,12.6613910870471,12.7030403998334,12.9945855893378,0.0293388429752066,0.0259661835748792,0.0312623274161736,0.028345498783455,0.0303030303030303,0.0272522522522523,0.0316666666666667,0.030439121756487,0.0292134831460674,121,138,169,137,143,148,160,167,178
3,56,7.45522698875469,9.78758850478967,10.7038733860891,10.9954185755935,9.82923781757601,10.2873802582257,11.9950020824656,15.2019991670137,13.7442732194919,0.026401179941003,0.0270114942528736,0.0303782505910166,0.0280254777070064,0.0250530785562633,0.0311868686868687,0.0296296296296296,0.0318499127399651,0.0300546448087432,113,145,141,157,157,132,162,191,183
3,57,10.9537692628072,5.70595585172845,11.8284048313203,5.99750104123282,10.1207830070804,11.3702623906706,11.9533527696793,18.1174510620575,13.9525197834236,0.0339793281653747,0.0253703703703704,0.0361323155216285,0.0244897959183673,0.0275510204081633,0.033955223880597,0.0316777041942605,0.0398351648351649,0.033234126984127,129,90,131,98,147,134,151,182,168
3,58,10.8704706372345,6.37234485630987,12.3281965847564,9.70428987921699,8.7463556851312,11.8700541441066,10.6622240733028,15.0770512286547,14.369012911287,0.029,0.0257575757575758,0.0285163776493256,0.0255482456140351,0.0299145299145299,0.0302547770700637,0.0306954436450839,0.0344761904761905,0.031767955801105,150,99,173,152,117,157,139,175,181
3,59,7.5801749271137,11.8700541441066,9.53769262807164,8.57975843398584,8.57975843398584,9.74593919200333,12.28654727197,15.7017909204498,16.1182840483132,0.025068870523416,0.0296875,0.0270685579196218,0.0236781609195402,0.0264102564102564,0.0286764705882353,0.0327777777777778,0.037624750499002,0.0310096153846154,121,160,141,145,130,136,150,167,208
3,60,12.0783007080383,6.20574760516451,11.8284048313203,10.7871720116618,7.37192836318201,13.1195335276968,8.45481049562682,14.0358184089963,16.1182840483132,0.034037558685446,0.0234276729559748,0.029957805907173,0.0256944444444445,0.0245833333333333,0.0318181818181818,0.0284313725490196,0.036236559139785,0.0337696335078534,142,106,158,168,120,165,119,155,191
3,61,7.45522698875469,10.1207830070804,10.7871720116618,10.7038733860891,9.37109537692628,12.4947938359017,8.66305705955852,16.7430237401083,13.6609745939192,0.0284126984126984,0.0287234042553192,0.0297701149425287,0.0256487025948104,0.030241935483871,0.0304878048780488,0.0298850574712644,0.0401197604790419,0.0327345309381238,105,141,145,167,124,164,116,167,167
3,62,5.08121615993336,6.45564348188255,13.4527280299875,10.3290295710121,10.9121199500208,10.2873802582257,10.2040816326531,18.7005414410662,14.5772594752187,0.0231060606060606,0.0226608187134503,0.0316666666666667,0.0237547892720307,0.0236036036036036,0.0263888888888889,0.0291666666666667,0.0366830065359477,0.0280448717948718,88,114,170,174,185,156,140,204,208
3,63,7.16368179925031,8.24656393169513,11.3286130778842,10.5372761349438,12.0783007080383,10.1624323198667,11.0370678883798,15.4518950437318,13.9525197834236,0.0233062330623306,0.022,0.0249084249084249,0.024515503875969,0.023462783171521,0.0242063492063492,0.0252380952380953,0.0300161812297735,0.027504105090312,123,150,182,172,206,168,175,206,203
3,64,10.6622240733028,7.20533111203665,12.2448979591837,11.2453144523115,8.12161599333611,8.78800499791753,9.82923781757601,18.2007496876302,13.7026239067055,0.0325699745547074,0.0274603174603175,0.0312101910828026,0.0288461538461539,0.0251937984496124,0.0274739583333333,0.0278959810874705,0.0385361552028219,0.0313333333333333,131,105,157,156,129,128,141,189,175
3,65,9.4960433152853,12.0783007080383,7.5801749271137,9.45439400249896,9.03790087463557,12.5780924614744,12.036651395252,12.536443148688,15.2019991670137,0.0245161290322581,0.0247863247863248,0.0215130023640662,0.0230691056910569,0.0227463312368973,0.0278084714548803,0.0267592592592593,0.0325757575757576,0.0282945736434109,155,195,141,164,159,181,180,154,215
3,66,7.5801749271137,9.4960433152853,8.66305705955852,8.91295293627655,10.5789254477301,13.9941690962099,12.411495210329,15.3269471053728,12.9945855893378,0.0268436578171092,0.0243589743589744,0.0262626262626263,0.0244292237442923,0.0284116331096197,0.0337349397590362,0.0312368972746331,0.0331531531531532,0.0288888888888889,113,156,132,146,149,166,159,185,180
3,67,9.07955018742191,11.6618075801749,8.28821324448147,8.70470637234486,7.41357767596835,10.8288213244481,13.3277800916285,15.8267388588088,14.868804664723,0.033030303030303,0.0333333333333333,0.0328382838283829,0.028551912568306,0.027217125382263,0.0401234567901235,0.0404040404040404,0.039832285115304,0.0428057553956835,110,140,101,122,109,108,132,159,139
3,68,7.91336942940441,6.78883798417326,11.4952103290296,10.4539775093711,7.87172011661808,11.4952103290296,11.4535610162432,16.4514785506039,16.0766347355269,0.0255376344086022,0.0226388888888889,0.0289308176100629,0.0253535353535354,0.025,0.0285714285714286,0.0303532008830022,0.0357789855072464,0.0306349206349206,124,120,159,165,126,161,151,184,210
3,69,4.83132028321533,11.2453144523115,20.9496043315285,15.9100374843815,8.57975843398584,7.87172011661808,7.74677217825906,6.41399416909621,16.4514785506039,0.0276190476190476,0.0277777777777778,0.0364492753623189,0.0313628899835797,0.0264102564102564,0.0278761061946903,0.0264957264957265,0.0264604810996564,0.0306201550387597,70,162,230,203,130,113,117,97,215
3,70,9.03790087463557,8.45481049562682,12.9945855893378,10.2873802582257,8.78800499791753,10.4123281965848,11.0787172011662,15.1187005414411,13.8275718450646,0.0256501182033097,0.0224061810154526,0.0288888888888889,0.0245039682539683,0.0240867579908676,0.0255623721881391,0.0254789272030651,0.0285377358490566,0.0272577996715928,141,151,180,168,146,163,174,212,203
3,71,5.8725531028738,14.9104539775094,14.2440649729279,11.0787172011662,8.91295293627655,8.5381091211995,10.4956268221574,12.7446897126197,13.2028321532695,0.0242268041237113,0.0310763888888889,0.028643216080402,0.0254789272030651,0.0233115468409586,0.0251225490196079,0.0291666666666667,0.0305389221556886,0.0273747841105354,97,192,199,174,153,136,144,167,193
3,72,6.6222407330279,7.99666805497709,13.8692211578509,12.411495210329,8.20491461890879,11.5785089546022,8.24656393169513,15.2852977925864,15.7850895460225,0.0234513274336283,0.0228571428571429,0.0332335329341318,0.028219696969697,0.023621103117506,0.0258845437616388,0.0240875912408759,0.0337937384898711,0.0291090629800307,113,140,167,176,139,179,137,181,217
3,73,8.49645980841316,12.7030403998334,10.0374843815077,8.07996668054977,8.45481049562682,9.99583506872137,11.7451062057476,13.6609745939192,16.7846730528946,0.0326923076923077,0.0309959349593496,0.0316272965879265,0.0260752688172043,0.0281944444444445,0.0300751879699248,0.0385245901639344,0.0404938271604938,0.0412065439672802,104,164,127,124,120,133,122,135,163
3,74,6.6222407330279,9.70428987921699,15.9100374843815,10.8288213244481,9.4960433152853,7.87172011661808,9.07955018742191,15.0770512286547,15.4102457309454,0.0230434782608696,0.0235353535353535,0.0333333333333333,0.0246212121212121,0.0223529411764706,0.0236842105263158,0.0252314814814815,0.0288676236044657,0.0293650793650794,115,165,191,176,170,133,144,209,210
3,75,6.49729279466889,11.0787172011662,14.1191170345689,13.2028321532695,8.70470637234486,9.03790087463557,5.74760516451479,14.743856726364,16.8679716784673,0.0282608695652174,0.0259259259259259,0.0355345911949686,0.02825311942959,0.0261904761904762,0.0282552083333333,0.0267441860465116,0.0353293413173653,0.0339195979899498,92,171,159,187,133,128,86,167,199
3,76,5.78925447730112,12.1199500208247,16.6180758017493,12.28654727197,7.16368179925031,9.87088713036235,7.12203248646397,11.3286130778842,17.7009579341941,0.0254578754578755,0.0251295336787565,0.0319711538461539,0.027621722846442,0.0260606060606061,0.0243827160493827,0.0274038461538462,0.0281573498964803,0.0338915470494418,91,193,208,178,110,162,104,161,209
3,77,6.12244897959184,9.16284881299459,11.2869637650979,6.99708454810496,8.78800499791753,13.7859225322782,9.07955018742191,17.1595168679717,17.6176593086214,0.025,0.0241228070175439,0.0287685774946921,0.0233333333333333,0.0274739583333333,0.0336382113821138,0.0281653746770026,0.0381481481481482,0.0345588235294118,98,152,157,120,128,164,129,180,204
3,78,10.1207830070804,12.1199500208247,12.2448979591837,8.87130362349021,9.4960433152853,11.2036651395252,9.03790087463557,16.9096209912536,9.99583506872137,0.0297794117647059,0.0301242236024845,0.0298780487804878,0.027734375,0.0316666666666667,0.0317966903073286,0.0306497175141243,0.0428270042194093,0.0307692307692308,136,161,164,128,120,141,118,158,130
3,79,7.41357767596835,7.33027905039567,14.4523115368596,12.4531445231154,9.12119950020825,9.16284881299459,10.8704706372345,15.7850895460225,13.4110787172012,0.0231770833333333,0.0222222222222222,0.0299654576856649,0.0260907504363002,0.0232484076433121,0.0251141552511416,0.0284313725490196,0.0305152979066023,0.0285460992907802,128,132,193,191,157,146,153,207,188
3,80,8.12161599333611,8.87130362349021,14.743856726364,12.2448979591837,7.20533111203665,9.41274468971262,11.3702623906706,15.4935443565181,12.536443148688,0.0255905511811024,0.0262962962962963,0.0304123711340206,0.0270718232044199,0.0242296918767507,0.024780701754386,0.0272455089820359,0.0317948717948718,0.0283427495291902,127,135,194,181,119,152,167,195,177
3,81,9.62099125364431,6.12244897959184,14.3273635985006,11.3702623906706,9.66264056643065,9.78758850478967,9.07955018742191,18.8254893794252,11.2036651395252,0.0318181818181818,0.0281609195402299,0.0349593495934959,0.0305369127516779,0.0297435897435898,0.0298982188295165,0.0307909604519774,0.0428030303030303,0.0285562632696391,121,87,164,149,130,131,118,176,157
3,82,7.95501874219075,9.07955018742191,12.3281965847564,8.87130362349021,9.41274468971262,11.1620158267389,13.9525197834236,13.6193252811329,13.6193252811329,0.0315181518151815,0.0275252525252525,0.0268115942028986,0.0238255033557047,0.0333333333333333,0.0314553990610329,0.0395981087470449,0.0386524822695036,0.033030303030303,101,132,184,149,113,142,141,141,165
3,83,8.03831736776343,9.70428987921699,13.2861307788421,9.82923781757601,7.74677217825906,8.12161599333611,11.8284048313203,14.9521032902957,16.4514785506039,0.0253280839895013,0.0257174392935982,0.0303809523809524,0.0238383838383839,0.0221428571428571,0.0248091603053435,0.0313465783664459,0.0323423423423423,0.0322712418300654,127,151,175,165,140,131,151,185,204
3,84,7.99666805497709,8.66305705955852,13.8275718450646,10.7871720116618,7.95501874219075,9.12119950020825,7.83007080383174,18.2840483132028,15.5351936693045,0.0256,0.0232662192393736,0.027946127946128,0.0232078853046595,0.0225768321513002,0.024496644295302,0.0235588972431078,0.0308720112517581,0.0281297134238311,125,149,198,186,141,149,133,237,221
3,85,6.74718867138692,11.9533527696793,11.4535610162432,9.95418575593503,7.20533111203665,12.3698458975427,12.7446897126197,13.0778842149105,14.493960849646,0.0245454545454546,0.0258558558558559,0.0253222836095764,0.023995983935743,0.0223514211886305,0.0273480662983426,0.0298245614035088,0.0311507936507937,0.0263636363636364,110,185,181,166,129,181,171,168,220
3,86,7.24698042482299,6.49729279466889,13.0362349021241,9.53769262807164,11.4535610162432,9.87088713036235,8.70470637234486,20.1582673885881,13.4943773427738,0.0325842696629214,0.0234234234234234,0.0357305936073059,0.0265046296296296,0.0301535087719298,0.0280141843971631,0.0300287356321839,0.0474509803921569,0.0303370786516854,89,111,146,144,152,141,116,170,178
3,87,9.07955018742191,10.3290295710121,8.07996668054977,7.87172011661808,9.4960433152853,12.2032486463973,12.8279883381924,17.8259058725531,12.2448979591837,0.027735368956743,0.0277404921700224,0.0267217630853995,0.0240458015267176,0.0256756756756757,0.031505376344086,0.0329059829059829,0.0381461675579323,0.0288235294117647,131,149,121,131,148,155,156,187,170
3,88,10.2457309454394,9.70428987921699,10.3290295710121,10.1624323198667,9.62099125364431,10.0374843815077,10.079133694294,15.0354019158684,14.7855060391504,0.0341666666666667,0.0277380952380952,0.0301703163017032,0.0272930648769575,0.0308,0.0280885780885781,0.031758530183727,0.0362449799196787,0.031140350877193,120,140,137,149,125,143,127,166,190
3,89,8.03831736776343,8.24656393169513,11.4119117034569,10.4956268221574,10.5372761349438,10.1624323198667,11.1203665139525,15.6601416076635,14.3273635985006,0.0292424242424243,0.0253846153846154,0.0270216962524655,0.0293706293706294,0.0286848072562358,0.0308080808080808,0.0306896551724138,0.0348148148148148,0.0339250493096647,110,130,169,143,147,132,145,180,169
3,90,9.87088713036235,8.57975843398584,10.7455226988755,9.95418575593503,9.57934194085798,10.2873802582257,10.3290295710121,17.2428154935444,13.4110787172012,0.0294776119402985,0.0250608272506083,0.028476821192053,0.0241414141414142,0.0253863134657837,0.0265591397849462,0.0275555555555556,0.0361256544502618,0.0298148148148148,134,137,151,165,151,155,150,191,180
3,91,10.4956268221574,10.079133694294,11.3286130778842,7.66347355268638,7.53852561432736,12.6613910870471,11.5785089546022,12.6613910870471,15.9933361099542,0.0336,0.0265350877192983,0.0302222222222222,0.0247311827956989,0.0274242424242424,0.0322717622080679,0.0319540229885058,0.0344671201814059,0.0338624338624339,125,152,150,124,110,157,145,147,189
3,92,8.91295293627655,10.3290295710121,12.4947938359017,11.4535610162432,8.70470637234486,10.1207830070804,8.12161599333611,15.7850895460225,14.0774677217826,0.0299719887955182,0.0233521657250471,0.0267379679144385,0.0256052141527002,0.0247044917257683,0.0264705882352941,0.03125,0.0394791666666667,0.0284511784511785,119,177,187,179,141,153,104,160,198
3,93,8.7463556851312,7.41357767596835,11.8700541441066,10.6622240733028,8.87130362349021,11.9950020824656,11.6618075801749,14.2024156601416,14.5772594752187,0.0294117647058824,0.0224747474747475,0.0296875,0.024105461393597,0.0255395683453238,0.0315789473684211,0.0293501048218029,0.0310564663023679,0.0331439393939394,119,132,160,177,139,152,159,183,176
3,94,9.57934194085798,10.1207830070804,12.2448979591837,9.66264056643065,7.37192836318201,12.1199500208247,8.49645980841316,17.1595168679717,13.2444814660558,0.0361635220125786,0.028125,0.0312101910828026,0.0280193236714976,0.0258771929824562,0.0316993464052288,0.026984126984127,0.0381481481481482,0.030635838150289,106,144,157,138,114,153,126,180,173
3,95,8.20491461890879,6.8304872969596,8.87130362349021,11.2453144523115,10.1207830070804,11.7867555185339,9.20449812578092,17.2428154935444,16.4931278633903,0.0271349862258953,0.0225895316804408,0.0255395683453238,0.0257142857142857,0.0251552795031056,0.0291152263374486,0.0266908212560387,0.0352040816326531,0.0308411214953271,121,121,139,175,161,162,138,196,214
3,96,7.87172011661808,9.45439400249896,10.7038733860891,11.5368596418159,9.16284881299459,10.9121199500208,10.9121199500208,15.4102457309454,14.0358184089963,0.0283783783783784,0.0264568764568765,0.0305952380952381,0.0263809523809524,0.025462962962963,0.0269547325102881,0.0316425120772947,0.0333333333333333,0.032466281310212,111,143,140,175,144,162,138,185,173
3,97,6.95543523531862,11.7867555185339,11.0370678883798,8.28821324448147,10.4956268221574,10.1624323198667,9.57934194085798,17.8259058725531,13.8692211578509,0.0286941580756014,0.0308278867102397,0.0300453514739229,0.0257105943152455,0.0257668711656442,0.0269315673289183,0.0301837270341207,0.0346278317152104,0.0324561403508772,97,153,147,129,163,151,127,206,171
3,98,6.74718867138692,11.2036651395252,13.6609745939192,9.12119950020825,7.95501874219075,9.66264056643065,10.4123281965848,14.993752603082,16.2432319866722,0.0272727272727273,0.0263725490196079,0.0337448559670782,0.0243333333333333,0.0263085399449036,0.0284313725490196,0.0320512820512821,0.0397350993377484,0.0331632653061225,99,170,162,150,121,136,130,151,196
3,99,8.16326530612245,7.91336942940441,12.3281965847564,10.2457309454394,9.95418575593503,12.28654727197,12.9112869637651,12.4947938359017,13.7026239067055,0.0284057971014493,0.0227817745803357,0.0265232974910394,0.0246987951807229,0.028452380952381,0.0332207207207207,0.0353881278538813,0.0306748466257669,0.030462962962963,115,139,186,166,140,148,146,163,180
3,100,8.62140774677218,9.82923781757601,13.8692211578509,7.12203248646397,12.7030403998334,11.1203665139525,9.70428987921699,14.369012911287,12.6613910870471,0.03,0.0247379454926625,0.0296791443850268,0.0226190476190476,0.0327956989247312,0.0288961038961039,0.0275413711583925,0.0344311377245509,0.0310838445807771,115,159,187,126,155,154,141,167,163
